hop,window,score,peak_dbfs,gated,alarm,capture_us,features_us,infer_us
1,0,0.0078,-11.2,0,0,2,929,3783
2,1,0.2274,-5.8,0,0,1,828,3387
3,2,0.8313,-2.7,0,0,2,767,3294
4,3,0.9333,-2.7,0,1,2,829,4261
5,4,0.8784,-2.7,0,1,2,988,6338
6,5,0.8627,-0.9,0,1,1,789,3786
7,6,0.8941,-0.0,0,1,2,969,3290
8,7,0.8862,-0.0,0,1,1,943,3468
9,8,0.8078,-0.0,0,1,1,893,3311
10,9,0.7764,-0.1,0,1,2,838,7361
11,10,0.5725,-0.8,0,1,2,873,3500
12,11,0.6274,-3.2,0,1,2,3429,6486
13,12,0.5568,-0.7,0,0,1,907,3346
14,13,0.7215,-0.0,0,0,2,902,4106
15,14,0.8470,-0.0,0,1,2,898,5608
16,15,0.6902,-1.0,0,1,1,1336,3760
17,16,0.5333,-2.5,0,1,1,926,4574
18,17,0.5725,-2.5,0,1,1,1067,4422
19,18,0.6588,-2.1,0,1,1,1937,3720
20,19,0.6745,-2.1,0,1,2,945,3801
21,20,0.0314,-2.4,0,1,2,938,3529
22,21,0.0157,-10.1,0,1,2,906,3511
23,22,0.3921,-6.4,0,0,1,952,4085
24,23,0.7294,-3.1,0,0,2,883,3462
25,24,0.8313,-3.1,0,1,1,927,3461
26,25,0.8078,-2.2,0,1,1,886,3434
27,26,0.8000,-2.2,0,1,4,859,4328
28,27,0.8078,-1.0,0,1,2,883,4024
29,28,0.7843,-1.0,0,1,2,1132,3388
30,29,0.8000,-2.6,0,1,2,1100,3508
31,30,0.5019,-3.2,0,1,1,1008,3987
32,31,0.1569,-7.6,0,1,0,822,3242
33,32,0.1412,-7.6,0,0,1,870,3656
34,33,0.1490,-8.7,0,0,2,802,3396
35,34,0.1569,-8.7,0,0,1,816,3124
36,35,0.1569,-8.8,0,0,2,816,3211
37,36,0.1255,-5.8,0,0,1,795,3307
38,37,0.1176,-5.8,0,0,1,982,3225
39,38,0.1569,-8.6,0,0,1,848,3030
40,39,0.1569,-6.4,0,0,2,802,3311
41,40,0.5176,-6.4,0,0,1,852,3496
42,41,0.8627,-7.7,0,0,1,787,3238
43,42,0.8078,-8.4,0,1,1,778,3089
44,43,0.8706,-8.8,0,1,1,997,3185
45,44,0.8706,-9.3,0,1,2,812,3676
46,45,0.8313,-10.0,0,1,1,814,3145
47,46,0.9411,-10.6,0,1,1,810,3309
48,47,0.9411,-10.8,0,1,2,778,3101
49,48,0.9647,-10.2,0,1,1,918,3034
50,49,0.9411,-10.2,0,1,1,795,3109
51,50,0.9568,-10.2,0,1,0,1084,3261
52,51,0.9333,-8.7,0,1,1,770,3141
53,52,0.8784,-8.7,0,1,1,896,3455
54,53,0.9098,-8.1,0,1,1,786,2950
55,54,0.9490,-8.1,0,1,1,871,3045
56,55,0.9882,-8.7,0,1,0,787,2955
57,56,0.9960,-8.2,0,1,1,948,3096
58,57,0.9960,-7.2,0,1,1,784,3366
59,58,0.9960,-6.1,0,1,1,929,3192
60,59,0.9960,-6.1,0,1,1,768,2972
61,60,0.5725,-6.1,0,1,1,852,2949
62,61,0.0078,-15.5,0,1,1,778,3045
63,62,0.0078,-17.3,0,0,1,922,3260
64,63,0.0078,-16.9,0,0,2,769,3176
65,64,0.0078,-16.1,0,0,2,957,3398
66,65,0.0078,-16.1,0,0,1,827,3265
67,66,0.0078,-15.0,0,0,1,786,3051
68,67,0.0078,-15.0,0,0,1,813,3041
69,68,0.0078,-16.9,0,0,1,757,3164
70,69,0.0078,-17.0,0,0,1,760,3169
71,70,0.0314,-17.9,0,0,1,796,3511
72,71,0.0471,-24.1,0,0,1,862,3312
73,72,0.0078,-27.9,0,0,2,784,3262
74,73,0.0078,-27.2,0,0,2,852,3001
75,74,0.0235,-21.2,0,0,1,765,2922
76,75,0.0627,-21.2,0,0,1,730,2953
77,76,0.0157,-25.1,0,0,2,862,2917
78,77,0.0157,-25.1,0,0,1,726,4044
79,78,0.0157,-22.6,0,0,1,941,3163
80,79,0.1098,-22.6,0,0,1,909,3102
81,80,0.6431,-1.8,0,0,1,857,3056
82,81,0.8706,-1.8,0,1,1,890,2810
83,82,0.8941,-4.1,0,1,1,797,2970
84,83,0.8706,-4.4,0,1,1,772,3465
85,84,0.8392,-3.6,0,1,0,793,2894
86,85,0.8784,-3.3,0,1,2,727,3382
87,86,0.9176,-3.3,0,1,2,712,3228
88,87,0.8000,-4.1,0,1,1,719,3327
89,88,0.8000,-4.2,0,1,0,727,2826
90,89,0.6039,-4.5,0,1,2,699,3450
91,90,0.0863,-5.2,0,1,1,888,2967
92,91,0.0627,-9.3,0,0,0,712,3050
93,92,0.1020,-9.3,0,0,0,852,3222
94,93,0.1412,-13.0,0,0,1,698,3000
95,94,0.1412,-13.0,0,0,0,827,2684
96,95,0.0706,-12.1,0,0,1,870,2858
97,96,0.0627,-12.1,0,0,1,717,3149
98,97,0.0706,-15.4,0,0,1,716,2785
99,98,0.1020,-12.9,0,0,1,933,2804
100,99,0.1020,-12.9,0,0,1,719,2701
101,100,0.0627,-8.6,0,0,2,853,2827
102,101,0.0706,-8.6,0,0,2,820,2953
103,102,0.0706,-10.2,0,0,1,883,2817
104,103,0.0863,-11.9,0,0,0,741,2778
105,104,0.0392,-11.9,0,0,1,850,2897
106,105,0.0784,-8.9,0,0,1,837,2972
107,106,0.1020,-8.9,0,0,1,710,2848
108,107,0.0863,-11.4,0,0,1,686,2784
109,108,0.0549,-9.4,0,0,1,684,2870
110,109,0.0549,-9.4,0,0,0,755,2738
111,110,0.1020,-10.0,0,0,1,721,2725
112,111,0.0784,-11.6,0,0,1,803,2785
113,112,0.0549,-11.8,0,0,0,855,3001
114,113,0.0627,-11.8,0,0,1,789,2613
115,114,0.0471,-9.7,0,0,0,867,2802
116,115,0.0549,-9.7,0,0,15,697,3047
117,116,0.0392,-11.9,0,0,2,819,2986
118,117,0.0392,-11.3,0,0,2,867,2685
119,118,0.0784,-11.3,0,0,1,816,2947
120,119,0.1255,-11.3,0,0,1,746,3060
121,120,0.5882,-8.5,0,0,1,750,2986
122,121,0.9647,-8.0,0,0,1,701,2782
123,122,0.8941,-8.0,0,1,1,895,3007
124,123,0.8235,-9.2,0,1,1,822,2770
125,124,0.8000,-6.0,0,1,1,724,2850
126,125,0.9490,-4.1,0,1,1,805,3039
127,126,0.9960,-1.6,0,1,2,898,2729
128,127,0.9960,-1.6,0,1,1,721,2947
129,128,0.9176,-5.5,0,1,1,696,3464
130,129,0.8784,-4.3,0,1,0,701,2703
131,130,0.9333,-4.3,0,1,1,873,2756
132,131,0.1882,-15.9,0,1,1,859,2830
133,132,0.0157,-17.1,0,1,0,873,2842
134,133,0.0157,-16.0,0,0,1,806,2855
135,134,0.1412,-14.4,0,0,2,858,3120
136,135,0.0314,-14.4,0,0,1,696,3274
137,136,0.0078,-19.4,0,0,0,880,2985
138,137,0.0314,-16.2,0,0,1,871,2964
139,138,0.0078,-16.2,0,0,2,817,3116
140,139,0.0000,-22.3,0,0,1,664,2700
141,140,0.0314,-13.1,0,0,1,760,2623
142,141,0.1569,-13.1,0,0,1,834,2546
143,142,0.2039,-13.6,0,0,2,681,2753
144,143,0.0706,-16.9,0,0,2,837,2592
145,144,0.0157,-19.1,0,0,1,723,3106
146,145,0.0235,-18.5,0,0,1,793,3016
147,146,0.0078,-18.0,0,0,1,704,2853
148,147,0.0000,-18.0,0,0,1,720,2912
149,148,0.0078,-22.4,0,0,2,727,2897
150,149,0.0157,-24.0,0,0,1,708,2972
151,150,0.0157,-19.9,0,0,1,938,2899
152,151,0.1020,-13.6,0,0,2,720,2923
153,152,0.4314,-13.6,0,0,1,711,2857
154,153,0.0157,-14.3,0,0,1,905,2964
155,154,0.0314,-13.8,0,0,0,879,2741
156,155,0.0627,-13.8,0,0,0,852,3165
157,156,0.0078,-17.7,0,0,0,719,2776
158,157,0.0235,-13.3,0,0,1,701,3080
159,158,0.0157,-13.3,0,0,1,712,3181
160,159,0.0078,-17.9,0,0,1,766,3028
161,160,0.0706,-11.4,0,0,1,906,3071
162,161,0.3608,-11.4,0,0,15,895,3450
163,162,0.0549,-12.6,0,0,2,696,3053
164,163,0.0078,-26.7,0,0,1,698,2924
165,164,0.0157,-28.4,0,0,0,826,2914
166,165,0.0157,-30.2,0,0,1,691,2917
167,166,0.0078,-30.2,0,0,1,765,2927
168,167,0.3608,-31.9,0,0,1,821,2926
169,168,0.1804,-39.7,0,0,1,883,2669
170,169,0.0000,-240.0,1,0,4,704,0
171,170,0.4314,-0.0,0,0,1,722,2876
172,171,0.8000,-0.0,0,0,1,899,3122
173,172,0.0314,-0.0,0,0,1,738,3111
174,173,0.6902,-0.0,0,0,1,748,3179
175,174,0.1882,-0.2,0,0,2,805,3175
176,175,0.9176,-0.2,0,0,1,866,3396
177,176,0.9176,-0.3,0,1,2,848,3475
178,177,0.0235,-2.1,0,1,2,839,3180
179,178,0.5568,-0.3,0,1,1,985,3344
180,179,0.9804,-0.3,0,1,1,834,3534
181,180,0.9647,-0.3,0,1,1,852,3500
182,181,0.1255,-1.6,0,1,1,868,3997
183,182,0.1255,-2.7,0,1,2,886,3513
184,183,0.3137,-0.4,0,0,1,869,3501
185,184,0.5725,-0.4,0,0,1,851,3532
186,185,0.4470,-0.4,0,0,1,934,3725
187,186,0.2118,-7.5,0,0,1,857,3429
188,187,0.2039,-7.5,0,0,1,888,3611
189,188,0.1176,-0.4,0,0,2,916,4099
190,189,0.1569,-0.4,0,0,1,1148,3738
191,190,0.0078,-4.4,0,0,1,829,3547
192,191,0.2039,-4.4,0,0,1,823,3185
193,192,0.7059,-7.0,0,0,1,817,3437
194,193,0.0000,-240.0,1,0,6,831,1
195,194,0.0000,-240.0,1,0,6,821,0
196,195,0.0000,-240.0,1,0,6,845,1
197,196,0.0000,-240.0,1,0,4,816,1
198,197,0.0000,-240.0,1,0,5,859,0
199,198,0.0000,-240.0,1,0,5,842,1
200,199,0.0000,-240.0,1,0,2,949,1
201,200,0.0078,-35.3,0,0,2,830,3895
202,201,0.0392,-34.6,0,0,21,841,3533
203,202,0.0314,-15.9,0,0,1,848,3502
204,203,0.0235,-8.8,0,0,1,856,3647
205,204,0.1020,-2.9,0,0,1,841,3486
206,205,0.2039,-2.9,0,0,1,882,3305
207,206,0.1490,-10.5,0,0,1,923,3864
208,207,0.1412,-10.5,0,0,1,967,3423
209,208,0.1804,-13.1,0,0,2,844,3470
210,209,0.1882,-13.9,0,0,1,814,3502
211,210,0.0627,-0.0,0,0,2,816,3684
212,211,0.4470,-0.0,0,0,1,810,3324
213,212,0.2431,-1.7,0,0,1,829,3258
214,213,0.1098,-15.8,0,0,1,798,3110
215,214,0.1569,-15.8,0,0,1,802,3173
216,215,0.6431,-22.5,0,0,2,1093,3296
217,216,0.0000,-240.0,1,0,4,798,0
218,217,0.0000,-240.0,1,0,6,788,1
219,218,0.0000,-240.0,1,0,4,799,1
220,219,0.0000,-240.0,1,0,4,798,1
221,220,0.0078,-11.6,0,0,1,837,3205
222,221,0.0627,-11.6,0,0,2,837,3346
223,222,0.0314,-14.2,0,0,2,814,3247
224,223,0.0078,-17.8,0,0,1,788,3167
225,224,0.0078,-17.8,0,0,2,805,3340
226,225,0.0314,-27.0,0,0,1,798,3236
227,226,0.0000,-51.8,1,0,3,814,0
228,227,0.0078,-17.6,0,0,11,797,3382
229,228,0.0000,-17.6,0,0,1,1578,4922
230,229,0.0078,-18.1,0,0,2,1998,3492
231,230,0.0314,-1.7,0,0,1,830,3479
232,231,0.1020,-1.7,0,0,2,854,3692
233,232,0.0863,-8.2,0,0,2,1096,3465
234,233,0.0941,-8.2,0,0,2,1053,3794
235,234,0.1569,-21.6,0,0,1,888,3690
236,235,0.1882,-38.4,0,0,0,966,3418
237,236,0.1569,-0.0,0,0,0,984,3356
238,237,0.1255,-0.0,0,0,1,1087,3526
239,238,0.0627,-4.8,0,0,2,855,3687
240,239,0.0863,-16.8,0,0,1,987,3325
241,240,0.7059,-7.7,0,0,2,803,3612
242,241,0.4627,-7.7,0,0,0,844,3380
243,242,0.3137,-8.4,0,0,1,881,3235
244,243,0.1412,-12.5,0,0,0,924,2998
245,244,0.1255,-10.2,0,0,0,901,2923
246,245,0.1725,-9.9,0,0,1,726,2883
247,246,0.3137,-9.9,0,0,1,889,3042
248,247,0.4314,-7.5,0,0,1,691,2882
249,248,0.5176,-5.9,0,0,1,857,2871
250,249,0.4627,-5.9,0,0,0,693,2632
251,250,0.3294,-4.0,0,0,1,884,2707
252,251,0.3765,-0.0,0,0,1,850,2867
253,252,0.5882,-0.0,0,0,1,678,2836
254,253,0.6745,-0.3,0,0,0,850,2914
255,254,0.6745,-0.9,0,1,2,852,3091
256,255,0.5882,-0.4,0,1,1,833,3108
257,256,0.6588,-0.0,0,1,1,837,2821
258,257,0.7215,-0.0,0,1,1,799,2820
259,258,0.7059,-0.0,0,1,2,852,2872
260,259,0.5019,-0.1,0,1,1,894,3087
261,260,0.1020,-0.1,0,1,1,786,2728
262,261,0.0235,-23.4,0,0,2,802,2601
263,262,0.0314,-25.3,0,0,1,672,2730
264,263,0.0157,-25.3,0,0,1,760,2607
265,264,0.0157,-24.4,0,0,1,647,3022
266,265,0.0078,-14.0,0,0,2,827,2806
267,266,0.0157,-14.0,0,0,0,835,2633
268,267,0.0157,-18.3,0,0,1,800,2845
269,268,0.0314,-18.3,0,0,1,816,3503
270,269,0.0314,-23.8,0,0,1,712,2986
271,270,0.0471,-21.7,0,0,1,868,2952
272,271,0.0627,-21.7,0,0,1,689,5082
273,272,0.0941,-30.9,0,0,1,692,2658
274,273,0.0000,-40.3,1,0,3,720,0
275,274,0.0314,-34.4,0,0,1,714,2867
276,275,0.0235,-32.1,0,0,1,874,3124
277,276,0.0627,-31.8,0,0,0,703,2744
278,277,0.2510,-31.8,0,0,2,698,3285
279,278,0.0392,-37.0,0,0,1,704,2794
280,279,0.0392,-33.7,0,0,0,698,3121
281,280,0.3137,-12.3,0,0,1,799,2744
282,281,0.1176,-12.3,0,0,1,822,2961
283,282,0.1569,-13.3,0,0,1,743,2834
284,283,0.1098,-13.2,0,0,1,728,2772
285,284,0.1333,-6.8,0,0,2,801,3326
286,285,0.1255,-6.8,0,0,1,927,3116
287,286,0.1569,-8.4,0,0,1,794,2846
288,287,0.1098,-8.4,0,0,1,909,2819
289,288,0.0863,-10.9,0,0,0,901,2814
290,289,0.1255,-11.5,0,0,0,832,2652
291,290,0.0314,-11.5,0,0,1,704,2918
292,291,0.0784,-18.2,0,0,1,721,2901
293,292,0.1412,-14.8,0,0,1,867,2668
294,293,0.1490,-14.8,0,0,0,702,2806
295,294,0.1569,-14.9,0,0,1,871,3599
296,295,0.1882,-13.6,0,0,0,908,2958
297,296,0.1255,-10.7,0,0,1,721,2931
298,297,0.1333,-10.7,0,0,1,897,2870
299,298,0.1098,-12.2,0,0,0,809,2981
300,299,0.1333,-9.0,0,0,1,694,2741
301,300,0.0627,-2.7,0,0,0,774,2987
302,301,0.0471,-1.7,0,0,1,853,2923
303,302,0.0549,-1.6,0,0,0,869,2662
304,303,0.0549,-1.6,0,0,0,800,2573
305,304,0.0549,-2.3,0,0,1,841,2783
306,305,0.0549,-0.0,0,0,1,679,2607
307,306,0.0627,-0.0,0,0,1,685,2736
308,307,0.0549,-1.8,0,0,1,691,2728
309,308,0.0706,-2.7,0,0,0,811,3050
310,309,0.0549,-3.0,0,0,1,669,2724
311,310,0.0471,-2.3,0,0,1,671,2777
312,311,0.0314,-2.0,0,0,1,682,2900
313,312,0.0314,-2.0,0,0,0,666,2734
314,313,0.0235,-2.6,0,0,1,682,2569
315,314,0.0235,-2.7,0,0,1,808,2651
316,315,0.0235,-2.7,0,0,1,684,2570
317,316,0.0314,-2.9,0,0,0,688,3065
318,317,0.0314,-2.9,0,0,1,675,2658
319,318,0.0314,-2.2,0,0,1,681,3242
320,319,0.0314,-2.2,0,0,1,703,2758
321,320,0.0549,-3.7,0,0,1,671,2852
322,321,0.0392,-4.3,0,0,1,674,2690
323,322,0.0863,-3.1,0,0,0,660,2780
324,323,0.1020,-1.8,0,0,2,700,2622
325,324,0.1176,-1.0,0,0,1,665,2519
326,325,0.1020,-1.0,0,0,1,652,2749
327,326,0.1020,-1.7,0,0,1,660,2809
328,327,0.0941,-1.7,0,0,2,712,2744
329,328,0.0941,-0.8,0,0,0,673,2560
330,329,0.1020,-0.8,0,0,2,666,2932
331,330,0.0157,-2.3,0,0,3,663,2727
332,331,0.0549,-20.1,0,0,1,870,2820
333,332,0.0392,-0.5,0,0,1,670,2678
334,333,0.0627,-0.5,0,0,1,671,2968
335,334,0.0706,-0.0,0,0,0,654,2827
336,335,0.0627,-0.0,0,0,1,671,2637
337,336,0.1490,-0.2,0,0,2,842,2750
338,337,0.2039,-0.2,0,0,1,668,2852
339,338,0.2039,-0.3,0,0,0,681,2822
340,339,0.1725,-0.6,0,0,2,778,2840
341,340,0.5333,-2.5,0,0,1,763,2910
342,341,0.8862,-5.2,0,0,1,735,3485
343,342,0.7764,-8.6,0,1,1,807,3231
344,343,0.7215,-7.5,0,1,0,905,3116
345,344,0.8000,-7.5,0,1,1,810,3012
346,345,0.2118,-7.5,0,1,2,875,2810
347,346,0.1412,-10.4,0,1,1,870,3174
348,347,0.3921,-9.2,0,0,1,702,2845
349,348,0.3451,-9.2,0,0,1,707,2957
350,349,0.4627,-10.3,0,0,1,717,3007
351,350,0.0941,-0.5,0,0,1,802,2865
352,351,0.0627,-0.0,0,0,1,705,3059
353,352,0.1412,-0.0,0,0,1,726,2971
354,353,0.1490,-3.1,0,0,1,754,2909
355,354,0.0000,-55.3,1,0,3,730,0
356,355,0.0000,-71.2,1,0,4,750,0
357,356,0.0078,-0.2,0,0,1,701,2778
358,357,0.0235,-0.2,0,0,1,707,2946
359,358,0.0471,-0.2,0,0,1,693,2675
360,359,0.0314,-1.8,0,0,1,903,2678
361,360,0.0706,-12.9,0,0,0,691,2934
362,361,0.0627,-12.9,0,0,1,682,2861
363,362,0.0314,-14.1,0,0,0,679,3226
364,363,0.1176,-14.1,0,0,0,678,2890
365,364,0.1020,-14.9,0,0,1,680,2843
366,365,0.1020,-15.5,0,0,1,679,2780
367,366,0.0392,-13.7,0,0,2,675,2892
368,367,0.0314,-13.7,0,0,1,713,3185
369,368,0.0235,-14.4,0,0,1,683,2831
370,369,0.0314,-14.4,0,0,1,682,2741
371,370,0.1176,-9.1,0,0,0,678,3028
372,371,0.1098,-7.1,0,0,1,670,2792
373,372,0.0549,-7.1,0,0,1,676,2808
374,373,0.1020,-7.1,0,0,1,693,2786
375,374,0.1098,-7.1,0,0,0,676,2813
376,375,0.1176,-8.1,0,0,1,684,2714
377,376,0.1412,-8.1,0,0,0,671,2695
378,377,0.2039,-12.8,0,0,0,680,2683
379,378,0.1569,-17.4,0,0,1,668,2802
380,379,0.1255,-17.4,0,0,1,683,2791
381,380,0.0706,-0.5,0,0,1,687,3196
382,381,0.0627,-0.0,0,0,1,682,3136
383,382,0.0863,-0.0,0,0,0,705,3012
384,383,0.0706,-0.4,0,0,1,738,3009
385,384,0.0706,-0.4,0,0,1,996,3285
386,385,0.0784,-0.0,0,0,3,746,3052
387,386,0.0863,-0.0,0,0,1,762,3068
388,387,0.0627,-0.4,0,0,1,743,3064
389,388,0.0863,-0.4,0,0,1,795,3229
390,389,0.0784,-0.3,0,0,2,778,3091
391,390,0.1255,-0.3,0,0,1,761,3111
392,391,0.2431,-15.9,0,0,0,749,2983
393,392,0.6039,-13.9,0,0,0,770,2914
394,393,0.3294,-10.4,0,0,2,934,2949
395,394,0.1333,-8.0,0,0,1,745,3475
396,395,0.2823,-8.0,0,0,1,832,3059
397,396,0.2039,-5.9,0,0,1,779,3378
398,397,0.1569,-5.3,0,0,1,1068,2943
399,398,0.1412,-5.3,0,0,1,878,3122
400,399,0.0706,-11.1,0,0,1,741,3095
401,400,0.0471,-0.5,0,0,2,832,2980
402,401,0.1333,-0.3,0,0,2,765,3878
403,402,0.1490,-0.0,0,0,1,795,3083
404,403,0.1490,-0.0,0,0,24,859,3270
405,404,0.1098,-0.4,0,0,1,830,3581
406,405,0.1333,-0.4,0,0,2,1070,3207
407,406,0.1098,-0.2,0,0,3,837,3277
408,407,0.0941,-0.2,0,0,2,850,5684
409,408,0.1098,-0.3,0,0,0,828,3447
410,409,0.1176,-0.3,0,0,2,807,3258
411,410,0.1569,-0.7,0,0,1,1091,3192
412,411,0.2431,-6.5,0,0,1,835,3466
413,412,0.1490,-6.5,0,0,1,794,3331
414,413,0.1725,-6.8,0,0,0,772,3535
415,414,0.0000,-84.3,1,0,4,886,0
416,415,0.0000,-240.0,1,0,5,801,0
417,416,0.0000,-240.0,1,0,1,965,1
418,417,0.0000,-240.0,1,0,4,784,0
419,418,0.0000,-240.0,1,0,5,791,1
420,419,0.0000,-240.0,1,0,1,785,0
421,420,0.0549,-15.4,0,0,2,969,3220
422,421,0.0863,-12.5,0,0,1,800,3180
423,422,0.0706,-12.5,0,0,1,799,3117
424,423,0.0706,-7.5,0,0,1,813,3384
425,424,0.0549,-7.5,0,0,0,898,3194
426,425,0.0706,-7.5,0,0,2,905,3120
427,426,0.0627,-8.3,0,0,2,3785,3494
428,427,0.0863,-11.7,0,0,2,915,4075
429,428,0.0941,-7.2,0,0,2,949,4820
430,429,0.0549,-7.2,0,0,1,932,3457
431,430,0.0157,-10.4,0,0,2,1786,3355
432,431,0.0078,-4.4,0,0,2,868,3713
433,432,0.0078,-4.4,0,0,2,880,4014
434,433,0.0078,-18.7,0,0,1,888,3548
435,434,0.0078,-17.2,0,0,2,863,3435
436,435,0.0157,-17.2,0,0,1,922,3432
437,436,0.0078,-15.8,0,0,1,942,3483
438,437,0.0078,-14.8,0,0,1,858,3348
439,438,0.0078,-14.1,0,0,1,842,3218
440,439,0.0078,-14.1,0,0,2,849,3578
441,440,0.0314,-16.7,0,0,1,1091,3360
442,441,0.0078,-12.0,0,0,2,1276,3510
443,442,0.0157,-12.0,0,0,2,1006,4205
444,443,0.0078,-20.1,0,0,1,859,3444
445,444,0.0235,-11.0,0,0,1,1010,3904
446,445,0.0157,-11.0,0,0,1,1111,3497
447,446,0.0078,-11.2,0,0,2,914,3582
448,447,0.0157,-13.7,0,0,0,850,3340
449,448,0.0078,-23.7,0,0,1,1255,3301
450,449,0.0078,-22.3,0,0,2,1031,3111
451,450,0.0157,-10.0,0,0,0,884,3221
452,451,0.1255,-10.0,0,0,1,817,3260
453,452,0.0157,-12.5,0,0,2,1068,3551
454,453,0.0314,-21.4,0,0,1,814,3328
455,454,0.0314,-21.4,0,0,2,822,3216
456,455,0.0157,-23.8,0,0,2,849,3794
457,456,0.0863,-14.7,0,0,2,1009,3153
458,457,0.5568,-14.7,0,0,1,821,3236
459,458,0.0314,-17.1,0,0,1,864,3749
460,459,0.0157,-21.4,0,0,2,803,5005
461,460,0.0314,-9.0,0,0,1,829,3246
462,461,0.0627,-9.0,0,0,1,857,3451
463,462,0.0549,-4.1,0,0,1,1086,3314
464,463,0.0627,-4.1,0,0,1,841,4184
465,464,0.0627,-6.5,0,0,1,984,3380
466,465,0.0627,-6.5,0,0,1,1056,4573
467,466,0.0549,-8.2,0,0,2,937,3595
468,467,0.0706,-7.8,0,0,2,843,3453
469,468,0.0549,-2.3,0,0,3,875,3482
470,469,0.0706,-2.3,0,0,3,915,6780
471,470,0.0157,-10.0,0,0,1,946,3660
472,471,0.0471,-16.7,0,0,2,895,4621
473,472,0.0784,-9.4,0,0,2,974,3590
474,473,0.0314,-9.4,0,0,2,877,3659
475,474,0.0549,-12.5,0,0,3,895,3677
476,475,0.0784,-12.5,0,0,4,944,9918
477,476,0.1098,-8.6,0,0,3,944,4176
478,477,0.0471,-8.6,0,0,1,999,4644
479,478,0.0549,-14.1,0,0,2,916,3863
480,479,0.0392,-7.0,0,0,2,892,4039
481,480,0.1098,-7.0,0,0,1,878,3681
482,481,0.1569,-13.0,0,0,1,890,4381
483,482,0.1333,-13.0,0,0,2,936,3523
484,483,0.1569,-21.4,0,0,1,1185,4081
485,484,0.1333,-22.0,0,0,1,866,3906
486,485,0.1098,-20.1,0,0,3,856,3453
487,486,0.1412,-17.7,0,0,2,876,3680
488,487,0.1255,-13.6,0,0,2,886,3643
489,488,0.1412,-7.1,0,0,1,911,4018
490,489,0.1333,-7.1,0,0,2,823,3616
491,490,0.0784,-4.0,0,0,1,837,3315
492,491,0.0314,-4.0,0,0,1,814,3131
493,492,0.0314,-4.1,0,0,2,845,9365
494,493,0.0314,-4.4,0,0,2,836,3382
495,494,0.0314,-2.7,0,0,2,1111,3264
496,495,0.0314,-2.7,0,0,2,811,3348
497,496,0.0314,-3.2,0,0,1,835,3958
498,497,0.0392,-4.2,0,0,1,802,3319
499,498,0.0392,-3.8,0,0,1,814,3377
500,499,0.0314,-1.3,0,0,1,822,3499
501,500,0.1176,-1.3,0,0,2,807,3279
502,501,0.1020,-16.9,0,0,1,810,3342
503,502,0.1098,-14.9,0,0,2,817,3278
504,503,0.1098,-14.7,0,0,2,832,3658
505,504,0.1255,-14.7,0,0,2,931,3609
506,505,0.1020,-15.3,0,0,2,1266,4670
507,506,0.1412,-15.4,0,0,1,896,3375
508,507,0.1412,-15.4,0,0,3,868,4004
509,508,0.1176,-12.4,0,0,2,1042,4078
510,509,0.1176,-12.4,0,0,2,1258,3608
511,510,0.0941,-10.7,0,0,2,1048,4263
512,511,0.0392,-0.0,0,0,2,962,4097
513,512,0.0471,-0.0,0,0,3,901,4964
514,513,0.1333,-0.1,0,0,4,911,3604
515,514,0.1882,-6.2,0,0,1,890,4121
516,515,0.1255,-8.9,0,0,1,916,3716
517,516,0.0157,-26.1,0,0,1,900,3821
518,517,0.0314,-3.6,0,0,1,879,5103
519,518,0.1255,-2.0,0,0,2,893,3719
520,519,0.0863,-2.0,0,0,1,888,3637
521,520,0.1020,-10.6,0,0,1,907,3690
522,521,0.0627,-4.8,0,0,3,1087,5678
523,522,0.0706,-4.8,0,0,1,1016,3558
524,523,0.0627,-9.3,0,0,3,915,4437
525,524,0.0863,-10.1,0,0,1,949,4044
526,525,0.0784,-10.1,0,0,2,2912,3890
527,526,0.0784,-10.6,0,0,2,1017,4223
528,527,0.0706,-11.2,0,0,3,1079,3898
529,528,0.0863,-9.9,0,0,1,912,3810
530,529,0.0863,-9.9,0,0,1,893,3591
531,530,0.0235,-11.1,0,0,1,889,3466
532,531,0.0000,-14.9,0,0,2,883,3535
533,532,0.0000,-16.8,0,0,2,887,3744
534,533,0.0000,-16.8,0,0,1,907,3868
535,534,0.0000,-18.4,0,0,2,1020,4607
536,535,0.0078,-17.5,0,0,1,884,3444
537,536,0.0078,-11.9,0,0,1,1271,4178
538,537,0.0078,-11.9,0,0,2,904,3671
539,538,0.0078,-15.5,0,0,3,870,3362
540,539,0.0078,-15.5,0,0,1,972,3971
541,540,0.0078,-7.0,0,0,1,1084,3768
542,541,0.0235,-6.6,0,0,2,907,5129
543,542,0.0392,-4.9,0,0,2,914,3635
544,543,0.0471,-3.6,0,0,1,894,3535
545,544,0.0549,-3.6,0,0,1,903,3660
546,545,0.1255,-6.8,0,0,1,910,3679
547,546,0.0471,-3.5,0,0,2,988,3745
548,547,0.0627,-3.5,0,0,1,944,3697
549,548,0.0549,-4.0,0,0,2,911,3507
550,549,0.0941,-6.9,0,0,2,935,3466
551,550,0.0392,-6.9,0,0,2,1220,3718
552,551,0.0941,-1.3,0,0,2,895,3683
553,552,0.1255,-0.3,0,0,1,920,3602
554,553,0.2510,-0.3,0,0,2,1237,3600
555,554,0.1882,-3.2,0,0,2,899,3631
556,555,0.3451,-0.4,0,0,2,1482,3684
557,556,0.1412,-0.0,0,0,2,868,3337
558,557,0.1412,-0.0,0,0,1,929,3548
559,558,0.1725,-0.5,0,0,2,883,3579
560,559,0.0471,-28.7,0,0,3,904,3785
561,560,0.0706,-20.0,0,0,5,1252,3403
562,561,0.1098,-5.9,0,0,2,904,3671
563,562,0.0863,-0.0,0,0,1,933,3497
564,563,0.3294,-0.0,0,0,1,882,4567
565,564,0.3451,-7.9,0,0,2,1185,3453
566,565,0.3451,-8.8,0,0,2,1004,3603
567,566,0.3294,-10.4,0,0,2,916,3516
568,567,0.2118,-14.0,0,0,1,902,3679
569,568,0.2118,-12.7,0,0,1,894,3595
570,569,0.1804,-11.1,0,0,1,884,3523
571,570,0.2039,-3.6,0,0,2,856,3779
572,571,0.2118,-3.6,0,0,2,976,3789
573,572,0.2274,-5.7,0,0,2,894,3692
574,573,0.2118,-4.0,0,0,1,930,3417
575,574,0.1804,-4.0,0,0,2,1123,3266
576,575,0.1804,-5.8,0,0,1,858,3245
577,576,0.2274,-3.5,0,0,4,832,3456
578,577,0.1490,-3.5,0,0,2,1136,3682
579,578,0.1882,-1.9,0,0,0,865,3389
580,579,0.2039,-1.9,0,0,1,802,3152
581,580,0.0314,-1.1,0,0,1,819,3135
582,581,0.0471,-1.1,0,0,1,836,3373
583,582,0.0392,-3.3,0,0,1,804,3230
584,583,0.0000,-3.3,0,0,1,826,3299
585,584,0.0000,-33.7,0,0,1,851,3454
586,585,0.0235,-34.2,0,0,1,863,3315
587,586,0.1333,-0.9,0,0,1,853,3325
588,587,0.2118,-0.9,0,0,0,873,4297
589,588,0.0000,-1.3,0,0,2,911,3756
590,589,0.0706,-2.0,0,0,2,1642,5726
591,590,0.3451,-1.5,0,0,2,899,3730
592,591,0.6274,-1.5,0,0,1,910,3503
593,592,0.2039,-1.1,0,0,2,1151,3445
594,593,0.1020,-1.1,0,0,0,846,3527
595,594,0.1725,-1.8,0,0,2,846,3435
596,595,0.2039,-4.0,0,0,1,842,3548
597,596,0.0157,-3.1,0,0,1,832,3493
598,597,0.0314,-3.1,0,0,1,880,3202
599,598,0.1333,-5.1,0,0,1,1085,3213
600,599,0.0392,-6.4,0,0,2,809,3176
601,600,0.0314,-1.7,0,0,2,818,3181
602,601,0.0863,-1.7,0,0,1,761,3389
603,602,0.0627,-2.4,0,0,1,758,2961
604,603,0.1020,-2.4,0,0,1,816,3209
605,604,0.0706,-4.5,0,0,1,788,3314
606,605,0.0706,-4.5,0,0,1,795,3061
607,606,0.0863,-5.3,0,0,2,784,2847
608,607,0.0863,-5.3,0,0,1,923,2846
609,608,0.0784,-6.2,0,0,1,741,2813
610,609,0.0549,-4.8,0,0,1,709,3004
611,610,0.0706,-4.8,0,0,1,783,2773
612,611,0.0706,-21.6,0,0,1,712,2910
613,612,0.0706,-22.4,0,0,2,701,3095
614,613,0.0784,-4.1,0,0,1,718,3035
615,614,0.0235,-4.1,0,0,1,716,2929
616,615,0.0314,-18.3,0,0,1,670,2816
617,616,0.0235,-26.0,0,0,1,673,2840
618,617,0.0235,-11.2,0,0,1,669,2970
619,618,0.0235,-11.2,0,0,1,685,2686
620,619,0.0314,-23.0,0,0,1,685,3000
621,620,0.0235,-10.7,0,0,1,696,2942
622,621,0.0392,-10.5,0,0,1,737,3087
623,622,0.0392,-10.5,0,0,2,785,3187
624,623,0.0471,-11.1,0,0,0,1181,3131
625,624,0.0314,-11.1,0,0,0,802,3349
626,625,0.0314,-11.1,0,0,1,803,3108
627,626,0.0314,-11.2,0,0,2,951,3125
628,627,0.0392,-11.1,0,0,1,1094,3313
629,628,0.0314,-11.1,0,0,2,836,3152
630,629,0.0314,-11.1,0,0,1,896,3481
631,630,0.0235,-11.7,0,0,1,783,3087
632,631,0.0314,-11.1,0,0,2,1108,3327
633,632,0.0314,-11.1,0,0,1,889,2978
634,633,0.0235,-11.5,0,0,1,800,3118
635,634,0.0235,-11.3,0,0,1,802,4500
636,635,0.0314,-11.3,0,0,1,798,3365
637,636,0.0314,-11.4,0,0,2,786,3575
638,637,0.0392,-11.3,0,0,1,777,3001
639,638,0.0314,-11.3,0,0,1,774,3017
640,639,0.0314,-11.7,0,0,0,772,3162
641,640,0.0235,-0.0,0,0,1,751,3229
642,641,0.0314,-0.0,0,0,1,758,6544
643,642,0.3294,-1.9,0,0,2,802,3165
644,643,0.5019,-36.0,0,0,1,757,3201
645,644,0.0000,-240.0,1,0,4,759,1
646,645,0.0000,-240.0,1,0,5,785,1
647,646,0.0000,-240.0,1,0,4,752,1
648,647,0.0000,-240.0,1,0,4,757,1
649,648,0.0000,-240.0,1,0,3,765,0
650,649,0.0000,-240.0,1,0,3,746,0
651,650,0.0078,-25.8,0,0,1,745,3028
652,651,0.0078,-24.2,0,0,2,766,3124
653,652,0.0078,-21.7,0,0,1,837,3435
654,653,0.0078,-21.7,0,0,1,914,3050
655,654,0.0078,-22.9,0,0,2,773,3267
656,655,0.0078,-22.9,0,0,2,782,3127
657,656,0.0078,-23.4,0,0,1,907,3067
658,657,0.0157,-33.6,0,0,2,754,3290
659,658,0.0157,-20.0,0,0,2,756,3066
660,659,0.0078,-20.0,0,0,1,758,3167
661,660,0.0392,-18.8,0,0,2,794,3049
662,661,0.0863,-11.4,0,0,1,749,3066
663,662,0.1804,-11.4,0,0,1,751,2926
664,663,0.1098,-13.2,0,0,1,752,3067
665,664,0.0863,-13.2,0,0,1,747,3143
666,665,0.1412,-13.8,0,0,2,738,3078
667,666,0.1333,-13.8,0,0,0,732,3197
668,667,0.1569,-16.8,0,0,0,746,3060
669,668,0.1569,-12.9,0,0,0,917,3073
670,669,0.1412,-12.9,0,0,2,726,3073
671,670,0.1569,-9.3,0,0,1,734,3067
672,671,0.0784,-9.3,0,0,1,759,3151
673,672,0.0784,-13.5,0,0,1,835,3215
674,673,0.1176,-13.5,0,0,1,736,3123
675,674,0.0314,-15.3,0,0,1,765,3348
676,675,0.0392,-18.3,0,0,2,778,3529
677,676,0.0235,-18.9,0,0,1,782,3172
678,677,0.0157,-18.9,0,0,1,969,3528
679,678,0.0314,-22.0,0,0,1,906,3766
680,679,0.0314,-24.1,0,0,2,810,3378
681,680,0.1098,-0.0,0,0,1,808,4620
682,681,0.2274,-0.0,0,0,2,797,3233
683,682,0.0471,-0.1,0,0,1,799,3362
684,683,0.1882,-0.1,0,0,1,849,3276
685,684,0.3294,-0.5,0,0,1,795,3134
686,685,0.2980,-0.2,0,0,0,772,3113
687,686,0.1804,-0.2,0,0,2,764,3086
688,687,0.0627,-28.8,0,0,1,771,3251
689,688,0.0000,-46.8,1,0,3,764,0
690,689,0.0000,-62.7,1,0,4,791,2
691,690,0.0471,-8.8,0,0,0,955,3104
692,691,0.5019,-8.8,0,0,1,773,3068
693,692,0.3451,-13.0,0,0,1,973,3334
694,693,0.1882,-13.7,0,0,1,880,3207
695,694,0.0314,-15.2,0,0,2,844,3195
696,695,0.2431,-29.3,0,0,1,936,3221
697,696,0.3451,-32.3,0,0,1,980,3312
698,697,0.0000,-240.0,1,0,4,897,0
699,698,0.0000,-240.0,1,0,4,815,1
700,699,0.0000,-240.0,1,0,5,780,1
701,700,0.0863,-11.7,0,0,1,786,3038
702,701,0.1490,-11.7,0,0,1,787,3025
703,702,0.1804,-12.2,0,0,1,922,3480
704,703,0.1725,-10.4,0,0,2,774,3273
705,704,0.2274,-10.4,0,0,2,828,3040
706,705,0.1725,-11.9,0,0,1,773,3054
707,706,0.1725,-11.2,0,0,1,826,3232
708,707,0.1804,-11.2,0,0,2,802,3504
709,708,0.2118,-11.3,0,0,1,956,3118
710,709,0.1882,-10.9,0,0,1,858,4993
711,710,0.1490,-2.8,0,0,1,832,3531
712,711,0.1569,-2.8,0,0,1,824,3351
713,712,0.2431,-2.7,0,0,1,839,3505
714,713,0.2431,-2.7,0,0,1,828,3346
715,714,0.1569,-3.1,0,0,1,827,3247
716,715,0.1176,-3.1,0,0,0,808,3482
717,716,0.1725,-2.7,0,0,1,809,3175
718,717,0.1804,-2.7,0,0,1,820,3241
719,718,0.1569,-3.1,0,0,1,831,3344
720,719,0.1176,-2.1,0,0,1,972,3966
721,720,0.1882,-2.1,0,0,2,914,3493
722,721,0.1333,-13.8,0,0,2,841,3589
723,722,0.0471,-12.2,0,0,2,814,3922
724,723,0.0627,-12.2,0,0,1,808,4683
725,724,0.0314,-15.5,0,0,2,854,3262
726,725,0.0157,-16.9,0,0,1,791,3463
727,726,0.0392,-16.9,0,0,2,888,3140
728,727,0.0314,-21.5,0,0,1,799,3576
729,728,0.0314,-25.2,0,0,2,774,3177
730,729,0.0706,-11.1,0,0,1,769,3006
731,730,0.0314,-11.1,0,0,1,776,2963
732,731,0.0157,-12.6,0,0,1,856,3068
733,732,0.0235,-18.3,0,0,1,784,3091
734,733,0.0706,-13.8,0,0,2,803,4220
735,734,0.0706,-13.5,0,0,0,808,3492
736,735,0.0392,-13.5,0,0,1,807,3188
737,736,0.0157,-9.0,0,0,2,819,4126
738,737,0.0078,-9.0,0,0,1,815,3559
739,738,0.0314,-22.9,0,0,1,824,3271
740,739,0.0235,-22.9,0,0,1,833,3503
741,740,0.0314,-23.0,0,0,1,816,3383
742,741,0.0078,-15.8,0,0,2,835,3548
743,742,0.0078,-13.3,0,0,2,829,3309
744,743,0.0157,-16.7,0,0,2,822,3183
745,744,0.0235,-28.3,0,0,2,957,3314
746,745,0.0235,-17.0,0,0,1,847,3300
747,746,0.0078,-17.0,0,0,0,953,3148
748,747,0.0078,-15.7,0,0,1,806,3123
749,748,0.0157,-6.6,0,0,1,778,3735
750,749,0.0392,-0.0,0,0,1,759,3166
751,750,0.0157,-0.0,0,0,1,779,3272
752,751,0.0078,-6.8,0,0,2,758,3152
753,752,0.0000,-7.6,0,0,2,744,3297
754,753,0.0078,-11.0,0,0,2,794,3025
755,754,0.0000,-11.0,0,0,1,799,3184
756,755,0.0000,-13.3,0,0,1,763,3138
757,756,0.0078,-13.3,0,0,2,749,3231
758,757,0.0078,-17.5,0,0,2,882,3058
759,758,0.1333,-14.3,0,0,2,788,3200
760,759,0.0941,-14.3,0,0,1,868,3590
761,760,0.1490,-0.2,0,0,1,876,3170
762,761,0.7294,-0.2,0,0,2,939,3488
763,762,0.4314,-0.6,0,0,2,981,2988
764,763,0.6274,-0.2,0,0,1,919,3035
765,764,0.5568,-0.2,0,0,2,866,3194
766,765,0.4078,-0.5,0,0,1,936,3080
767,766,0.6431,-0.0,0,0,1,745,3193
768,767,0.5568,-0.0,0,0,1,726,3085
769,768,0.1176,-0.3,0,0,2,842,3983
770,769,0.6902,-0.3,0,0,2,774,3143
771,770,0.3921,-1.1,0,0,1,808,3192
772,771,0.0549,-14.6,0,0,0,801,3389
773,772,0.0314,-14.0,0,0,1,816,3299
774,773,0.0392,-14.0,0,0,1,803,3392
775,774,0.0627,-14.8,0,0,1,876,4310
776,775,0.0549,-15.5,0,0,2,1145,3486
777,776,0.0392,-15.5,0,0,2,904,3507
778,777,0.0706,-15.7,0,0,1,1017,3236
779,778,0.0549,-16.0,0,0,1,837,3350
780,779,0.0314,-16.0,0,0,1,849,3232
781,780,0.0157,-17.7,0,0,2,815,3391
782,781,0.0078,-23.2,0,0,1,810,3527
783,782,0.0314,-17.6,0,0,2,807,3706
784,783,0.0314,-16.9,0,0,2,1101,3269
785,784,0.0157,-16.9,0,0,1,808,3139
786,785,0.0549,-18.7,0,0,2,807,3533
787,786,0.0549,-14.1,0,0,1,841,3189
788,787,0.0078,-16.0,0,0,1,802,3654
789,788,0.0157,-20.3,0,0,1,815,3252
790,789,0.0078,-22.5,0,0,1,836,3960
791,790,0.0235,-21.7,0,0,2,848,3270
792,791,0.0471,-18.5,0,0,1,1103,4254
793,792,0.0392,-18.5,0,0,1,1381,3565
794,793,0.0314,-20.8,0,0,3,882,3593
795,794,0.0471,-21.8,0,0,0,1015,3403
796,795,0.0392,-22.3,0,0,1,862,3640
797,796,0.0314,-20.7,0,0,1,856,3417
798,797,0.0314,-20.7,0,0,1,865,3336
799,798,0.0314,-17.3,0,0,2,839,3301
800,799,0.0314,-17.3,0,0,1,843,3308
801,800,0.2118,-6.5,0,0,1,844,3282
802,801,0.0627,-6.5,0,0,1,849,3295
803,802,0.0000,-41.7,1,0,6,830,1
804,803,0.0000,-240.0,1,0,2,897,0
805,804,0.0000,-240.0,1,0,6,820,1
806,805,0.0000,-240.0,1,0,4,835,1
807,806,0.0000,-240.0,1,0,6,875,1
808,807,0.0000,-240.0,1,0,4,782,1
809,808,0.0000,-240.0,1,0,5,879,1
810,809,0.0000,-240.0,1,0,3,762,0
811,810,0.0000,-13.7,0,0,1,759,3070
812,811,0.0000,-13.7,0,0,0,888,3092
813,812,0.0000,-13.3,0,0,1,740,3208
814,813,0.0000,-13.2,0,0,1,927,3185
815,814,0.0000,-13.2,0,0,1,748,3237
816,815,0.0000,-11.7,0,0,1,767,3207
817,816,0.0000,-11.7,0,0,1,756,2956
818,817,0.0000,-13.3,0,0,1,755,3155
819,818,0.0000,-14.2,0,0,1,745,3085
820,819,0.0000,-14.2,0,0,0,743,3473
821,820,0.0157,-3.1,0,0,2,754,3006
822,821,0.1569,-2.7,0,0,1,765,3010
823,822,0.1725,-2.7,0,0,2,736,3253
824,823,0.2039,-4.7,0,0,2,774,3481
825,824,0.1725,-4.5,0,0,1,756,3145
826,825,0.1569,-4.5,0,0,1,763,2966
827,826,0.1412,-5.0,0,0,1,757,3193
828,827,0.1569,-4.4,0,0,1,764,2909
829,828,0.1725,-4.4,0,0,1,745,3347
830,829,0.2118,-5.7,0,0,1,749,3019
831,830,0.3451,-5.7,0,0,1,728,3012
832,831,0.0471,-17.1,0,0,0,717,2990
833,832,0.0078,-22.0,0,0,0,733,2880
834,833,0.0392,-22.0,0,0,2,720,2901
835,834,0.0157,-13.0,0,0,1,717,2822
836,835,0.0235,-13.0,0,0,1,718,2952
837,836,0.0078,-21.8,0,0,1,724,2972
838,837,0.0471,-21.8,0,0,2,736,3206
839,838,0.0157,-12.9,0,0,1,720,2989
840,839,0.0314,-12.9,0,0,1,855,2781
841,840,0.0314,-5.8,0,0,2,833,2775
842,841,0.0157,-3.1,0,0,1,694,2815
843,842,0.0078,-4.5,0,0,1,672,2926
844,843,0.0235,-4.5,0,0,1,726,2847
845,844,0.0157,-4.0,0,0,1,878,2923
846,845,0.0235,-4.0,0,0,0,907,2856
847,846,0.0078,-4.0,0,0,0,926,3092
848,847,0.0157,-4.3,0,0,2,754,3024
849,848,0.0078,-4.8,0,0,1,770,3058
850,849,0.0078,-4.8,0,0,1,845,3275
851,850,0.0078,-4.8,0,0,0,818,3344
852,851,0.0392,-12.0,0,0,1,816,3346
853,852,0.0471,-27.0,0,0,1,821,3316
854,853,0.0157,-2.6,0,0,2,820,3693
855,854,0.0706,-2.6,0,0,1,807,4013
856,855,0.0235,-13.1,0,0,2,799,3174
857,856,0.1020,-14.5,0,0,1,808,3108
858,857,0.1255,-31.6,0,0,1,799,3111
859,858,0.0000,-55.2,1,0,6,783,0
860,859,0.0000,-55.2,1,0,4,751,1
861,860,0.1412,-11.0,0,0,2,768,3083
862,861,0.1882,-11.0,0,0,1,1108,3233
863,862,0.1882,-12.7,0,0,2,769,3268
864,863,0.1490,-12.7,0,0,2,835,3134
865,864,0.2274,-12.7,0,0,3,3388,3994
866,865,0.1725,-12.8,0,0,1,854,3874
867,866,0.1569,-12.8,0,0,3,996,3181
868,867,0.1882,-13.0,0,0,1,841,3685
869,868,0.1882,-12.4,0,0,2,816,3515
870,869,0.2431,-12.4,0,0,2,804,3207
871,870,0.2118,-2.2,0,0,1,798,3255
872,871,0.2431,-2.2,0,0,1,783,3558
873,872,0.1882,-0.5,0,0,1,815,3169
874,873,0.1882,-0.5,0,0,2,803,3898
875,874,0.2039,-1.4,0,0,1,789,3611
876,875,0.1569,-1.4,0,0,1,777,3271
877,876,0.1569,-1.8,0,0,2,785,3334
878,877,0.2274,-0.8,0,0,1,805,3122
879,878,0.2431,-0.8,0,0,2,810,3154
880,879,0.2274,-1.2,0,0,2,793,3521
881,880,0.1412,-1.6,0,0,2,814,3615
882,881,0.2980,-0.2,0,0,1,923,3509
883,882,0.2510,-0.2,0,0,1,874,3231
884,883,0.2980,-0.1,0,0,1,794,3580
885,884,0.2118,-0.1,0,0,1,787,3134
886,885,0.2039,-0.1,0,0,0,778,3114
887,886,0.4314,-0.0,0,0,1,784,3071
888,887,0.2510,-0.0,0,0,2,782,3278
889,888,0.2823,-0.1,0,0,1,780,3537
890,889,0.2980,-0.0,0,0,1,891,3192
891,890,0.0706,-0.0,0,0,0,962,2984
892,891,0.0471,-2.4,0,0,0,804,3076
893,892,0.0863,-1.8,0,0,2,749,3151
894,893,0.0863,-1.2,0,0,1,750,2860
895,894,0.0784,-1.2,0,0,1,933,3049
896,895,0.0706,-1.5,0,0,1,959,3036
897,896,0.0784,-1.4,0,0,1,808,3080
898,897,0.0863,-2.2,0,0,1,764,3094
899,898,0.0706,-2.1,0,0,3,850,3182
900,899,0.1020,-1.8,0,0,2,770,3015
901,900,0.0078,-1.8,0,0,1,849,3318
902,901,0.0157,-13.6,0,0,0,760,3165
903,902,0.0157,-16.7,0,0,0,838,3318
904,903,0.0235,-16.7,0,0,2,947,3081
905,904,0.0157,-14.4,0,0,2,824,3086
906,905,0.0235,-14.4,0,0,1,859,3039
907,906,0.0078,-14.1,0,0,1,921,2888
908,907,0.0235,-14.1,0,0,12,843,3266
909,908,0.0235,-13.0,0,0,2,754,3076
910,909,0.0157,-13.0,0,0,0,936,3194
911,910,0.0235,-1.0,0,0,2,946,2915
912,911,0.0471,-1.0,0,0,1,750,2958
913,912,0.0706,-2.2,0,0,1,748,3252
914,913,0.0157,-2.2,0,0,2,751,2946
915,914,0.0000,-3.0,0,0,1,745,2977
916,915,0.0078,-0.6,0,0,1,782,3543
917,916,0.0078,-0.6,0,0,0,754,3129
918,917,0.0000,-2.3,0,0,2,749,3346
919,918,0.0000,-2.3,0,0,2,931,3119
920,919,0.0078,-2.4,0,0,2,851,2886
921,920,0.0078,-16.3,0,0,1,763,2868
922,921,0.0157,-8.1,0,0,2,915,3464
923,922,0.0157,-1.5,0,0,1,726,2964
924,923,0.3137,-1.5,0,0,1,739,2974
925,924,0.4627,-2.7,0,0,1,768,3747
926,925,0.1569,-0.6,0,0,1,765,2953
927,926,0.2510,-0.6,0,0,1,820,3034
928,927,0.2667,-0.0,0,0,1,762,3302
929,928,0.1882,-0.0,0,0,1,751,3015
930,929,0.2039,-1.7,0,0,1,950,3022
931,930,0.0471,-1.7,0,0,2,743,3084
932,931,0.2274,-3.2,0,0,1,774,3121
933,932,0.2823,-0.1,0,0,1,757,3045
934,933,0.2980,-0.0,0,0,2,758,3023
935,934,0.7608,-0.0,0,0,1,748,2961
936,935,0.5019,-0.0,0,0,1,738,3229
937,936,0.1255,-1.0,0,0,2,739,2976
938,937,0.0863,-1.0,0,0,3,748,3862
939,938,0.4078,-11.0,0,0,2,816,5939
940,939,0.0000,-41.0,1,0,4,815,0
941,940,0.0157,-16.9,0,0,3,1488,5349
942,941,0.0627,-0.0,0,0,2,982,4557
943,942,0.7608,-0.0,0,0,2,1014,4704
944,943,0.7608,-0.0,0,1,1,999,3656
945,944,0.7215,-0.3,0,1,2,910,4473
946,945,0.4784,-0.3,0,1,1,885,3279
947,946,0.5568,-2.2,0,1,1,872,3279
948,947,0.6039,-2.2,0,0,2,893,3178
949,948,0.6588,-8.0,0,0,1,905,3386
950,949,0.5882,-8.0,0,0,2,987,3040
951,950,0.2431,-10.7,0,0,2,980,3309
952,951,0.0863,-24.9,0,0,2,945,3154
953,952,0.0078,-24.9,0,0,1,941,3014
954,953,0.0157,-19.2,0,0,2,761,3120
955,954,0.0314,-19.2,0,0,2,799,3253
956,955,0.0235,-23.4,0,0,1,843,3596
957,956,0.0314,-23.4,0,0,1,811,3545
958,957,0.0627,-26.0,0,0,2,822,3495
959,958,0.0157,-26.0,0,0,1,829,3301
960,959,0.0392,-27.5,0,0,0,1015,3337
961,960,0.0392,-4.2,0,0,1,822,3186
962,961,0.0863,-3.5,0,0,2,1112,3185
963,962,0.1412,-3.1,0,0,1,890,3050
964,963,0.1569,-3.1,0,0,2,810,3186
965,964,0.1333,-3.2,0,0,1,784,3038
966,965,0.1569,-3.2,0,0,2,763,3768
967,966,0.1255,-3.7,0,0,1,937,3062
968,967,0.1490,-2.2,0,0,2,764,3124
969,968,0.1569,-2.2,0,0,1,949,3631
970,969,0.0941,-2.3,0,0,1,786,3289
971,970,0.1020,-3.5,0,0,1,964,2995
972,971,0.5176,-3.5,0,0,1,910,3098
973,972,0.2510,-1.9,0,0,1,880,2905
974,973,0.2274,-1.9,0,0,1,936,2907
975,974,0.1333,-2.9,0,0,2,775,3996
976,975,0.1098,-1.3,0,0,3,784,3090
977,976,0.4627,-1.2,0,0,2,994,6096
978,977,0.2980,-1.2,0,0,1,810,3203
979,978,0.0078,-12.6,0,0,1,802,3161
980,979,0.0471,-8.4,0,0,2,848,3184
981,980,0.0392,-8.4,0,0,2,928,3143
982,981,0.0392,-13.0,0,0,1,761,3062
983,982,0.3608,-13.0,0,0,1,871,3048
984,983,0.2431,-13.6,0,0,2,927,3613
985,984,0.1725,-12.7,0,0,1,874,3334
986,985,0.1804,-12.7,0,0,2,841,3283
987,986,0.1804,-6.0,0,0,1,864,3285
988,987,0.2039,-6.0,0,0,2,949,3501
989,988,0.1098,-11.3,0,0,2,901,3442
990,989,0.0941,-22.6,0,0,2,1053,3831
991,990,0.7608,-5.6,0,0,2,858,3646
992,991,0.8627,-5.6,0,1,2,1201,3429
993,992,0.0941,-9.9,0,1,1,842,3304
994,993,0.0000,-42.8,1,1,3,909,0
995,994,0.0000,-41.5,1,0,4,843,15
996,995,0.0000,-41.5,1,0,1,2015,1
997,996,0.0000,-48.3,1,0,1,972,0
998,997,0.0000,-48.3,1,0,3,1461,0
999,998,0.2823,-8.3,0,0,2,798,4319
1000,999,0.9647,-8.1,0,0,2,810,3473
1001,1000,0.7215,-7.8,0,1,1,1008,3221
1002,1001,0.9804,-7.8,0,1,2,849,3589
1003,1002,0.1490,-10.7,0,1,2,854,3591
1004,1003,0.0000,-53.3,1,1,1,916,1
1005,1004,0.0784,-7.2,0,0,1,856,3655
1006,1005,0.5568,-4.6,0,0,1,934,3543
1007,1006,0.8784,-4.6,0,0,2,865,3752
1008,1007,0.0784,-14.6,0,0,1,858,3972
1009,1008,0.0000,-55.5,1,0,1,889,1
1010,1009,0.0000,-47.2,1,0,1,897,1
1011,1010,0.1020,-23.0,0,0,3,848,3335
1012,1011,0.1725,-23.0,0,0,2,954,3632
1013,1012,0.0863,-24.2,0,0,2,895,3531
1014,1013,0.1020,-28.0,0,0,2,867,3700
1015,1014,0.0706,-29.5,0,0,2,870,3788
1016,1015,0.0627,-28.1,0,0,1,1132,3674
1017,1016,0.0392,-28.1,0,0,0,960,3562
1018,1017,0.1333,-18.5,0,0,1,1075,3538
1019,1018,0.2118,-18.5,0,0,1,858,3479
1020,1019,0.0706,-22.6,0,0,1,827,3696
1021,1020,0.0235,-22.6,0,0,1,874,3408
1022,1021,0.0157,-26.2,0,0,0,920,3408
1023,1022,0.0157,-27.4,0,0,0,829,3251
1024,1023,0.0157,-27.6,0,0,3,1081,3113
1025,1024,0.0235,-27.4,0,0,2,923,4810
1026,1025,0.0235,-27.4,0,0,0,865,4587
1027,1026,0.0235,-27.8,0,0,1,1050,3767
1028,1027,0.0157,-27.8,0,0,1,887,4224
1029,1028,0.0157,-25.9,0,0,1,1134,3846
1030,1029,0.0157,-25.9,0,0,1,872,3603
1031,1030,0.0078,-26.1,0,0,1,879,3531
1032,1031,0.0000,-25.8,0,0,2,937,3367
1033,1032,0.0000,-23.5,0,0,2,971,3694
1034,1033,0.0000,-23.5,0,0,1,1173,3424
1035,1034,0.0000,-24.8,0,0,1,971,3324
1036,1035,0.0000,-23.2,0,0,1,852,3355
1037,1036,0.0000,-23.2,0,0,1,840,3293
1038,1037,0.0000,-24.7,0,0,2,1098,3471
1039,1038,0.0000,-24.8,0,0,2,816,3368
1040,1039,0.0000,-24.8,0,0,3,836,4501
1041,1040,0.0157,-4.2,0,0,3,867,3613
1042,1041,0.1255,-4.2,0,0,2,895,3399
1043,1042,0.3608,-4.7,0,0,2,899,3448
1044,1043,0.2980,-10.1,0,0,2,854,3522
1045,1044,0.0314,-14.4,0,0,1,906,3626
1046,1045,0.0392,-33.5,0,0,1,861,3487
1047,1046,0.0235,-28.3,0,0,2,871,3686
1048,1047,0.0941,-28.3,0,0,2,861,3565
1049,1048,0.6902,-29.4,0,0,2,842,3240
1050,1049,0.2980,-32.5,0,0,2,850,3524
1051,1050,0.0078,-14.8,0,0,3,852,3279
1052,1051,0.0157,-4.6,0,0,1,834,3696
1053,1052,0.0078,-4.6,0,0,1,1024,3354
1054,1053,0.0157,-6.9,0,0,1,835,3223
1055,1054,0.0157,-17.3,0,0,1,853,4129
1056,1055,0.0078,-15.7,0,0,0,837,3548
1057,1056,0.0078,-11.4,0,0,2,1070,3773
1058,1057,0.0157,-11.4,0,0,2,1113,3427
1059,1058,0.0235,-9.4,0,0,0,1093,3380
1060,1059,0.0157,-9.4,0,0,0,867,3620
1061,1060,0.0078,-4.7,0,0,1,837,3373
1062,1061,0.0000,-4.7,0,0,3,881,5235
1063,1062,0.0078,-4.5,0,0,1,859,3793
1064,1063,0.0000,-4.5,0,0,2,907,4190
1065,1064,0.0078,-2.1,0,0,1,884,3640
1066,1065,0.0000,-2.1,0,0,1,878,3854
1067,1066,0.0078,-1.1,0,0,1,932,4057
1068,1067,0.0078,-1.1,0,0,1,893,3655
1069,1068,0.0078,-2.8,0,0,1,849,3454
1070,1069,0.0078,-2.8,0,0,0,852,3315
1071,1070,0.0314,-5.0,0,0,2,842,3656
1072,1071,0.0941,-9.6,0,0,2,823,3505
1073,1072,0.1176,-13.5,0,0,0,1069,3415
1074,1073,0.0627,-14.5,0,0,1,835,3221
1075,1074,0.0627,-8.1,0,0,1,817,4291
1076,1075,0.0549,-8.1,0,0,3,811,3386
1077,1076,0.0314,-11.4,0,0,3,839,6211
1078,1077,0.0235,-11.4,0,0,2,973,3457
1079,1078,0.0706,-12.7,0,0,1,872,3936
1080,1079,0.0314,-12.7,0,0,1,1171,3712
1081,1080,0.0549,-15.6,0,0,2,1142,3612
1082,1081,0.3294,-9.1,0,0,2,1000,3384
1083,1082,0.8941,-9.1,0,0,1,1181,3582
1084,1083,0.2118,-9.0,0,0,1,809,3597
1085,1084,0.8000,-8.9,0,0,1,802,3081
1086,1085,0.7294,-8.9,0,1,0,797,3172
1087,1086,0.0471,-9.3,0,1,1,980,3038
1088,1087,0.6588,-8.8,0,1,1,844,3228
1089,1088,0.8784,-8.8,0,1,1,804,3248
1090,1089,0.1569,-9.0,0,1,1,787,3258
1091,1090,0.1020,-9.4,0,1,2,931,3029
1092,1091,0.0549,-15.4,0,0,2,778,3155
1093,1092,0.0706,-15.4,0,0,1,827,3246
1094,1093,0.0471,-18.3,0,0,1,841,3064
1095,1094,0.0549,-18.3,0,0,1,916,3646
1096,1095,0.0471,-18.3,0,0,1,926,2902
1097,1096,0.0549,-20.2,0,0,1,767,2964
1098,1097,0.0392,-19.8,0,0,2,822,2894
1099,1098,0.0549,-19.8,0,0,1,899,3128
1100,1099,0.0314,-19.8,0,0,2,768,2948
1101,1100,0.0157,-11.7,0,0,1,846,2959
1102,1101,0.0078,-11.7,0,0,2,937,3143
1103,1102,0.0078,-11.7,0,0,1,884,3178
1104,1103,0.0078,-11.8,0,0,1,792,4796
1105,1104,0.0078,-11.5,0,0,1,775,6089
1106,1105,0.0078,-11.5,0,0,2,828,3184
1107,1106,0.0078,-11.7,0,0,1,1156,3500
1108,1107,0.0078,-12.3,0,0,1,790,3120
1109,1108,0.0078,-12.0,0,0,1,796,3194
1110,1109,0.0078,-11.9,0,0,2,930,3130
1111,1110,0.0235,-11.9,0,0,1,808,3293
1112,1111,0.1333,-6.7,0,0,1,908,3455
1113,1112,0.1725,-6.4,0,0,1,919,3128
1114,1113,0.1020,-9.4,0,0,2,777,3354
1115,1114,0.0706,-10.4,0,0,2,890,2996
1116,1115,0.0941,-12.2,0,0,1,772,3001
1117,1116,0.0941,-10.4,0,0,1,806,3132
1118,1117,0.0314,-10.4,0,0,2,967,3403
1119,1118,0.0627,-12.5,0,0,2,788,3170
1120,1119,0.0863,-36.1,0,0,2,805,3522
1121,1120,0.1412,-7.2,0,0,1,809,3213
1122,1121,0.5568,-2.4,0,0,1,798,3750
1123,1122,0.4078,-2.4,0,0,1,799,3365
1124,1123,0.3765,-4.7,0,0,1,971,3415
1125,1124,0.2980,-4.9,0,0,1,782,3115
1126,1125,0.3294,-4.9,0,0,1,791,3106
1127,1126,0.2118,-6.4,0,0,1,839,3127
1128,1127,0.0392,-19.5,0,0,1,776,3045
1129,1128,0.0078,-28.4,0,0,1,773,3233
1130,1129,0.0078,-30.0,0,0,1,934,3198
1131,1130,0.0392,-12.2,0,0,1,768,3117
1132,1131,0.3765,-11.0,0,0,3,764,2958
1133,1132,0.6039,-10.5,0,0,1,753,3114
1134,1133,0.6039,-10.5,0,0,1,758,3071
1135,1134,0.3294,-11.0,0,0,1,749,3020
1136,1135,0.0863,-11.7,0,0,2,756,3012
1137,1136,0.0157,-13.5,0,0,1,743,3627
1138,1137,0.0078,-13.2,0,0,2,737,2952
1139,1138,0.0078,-13.2,0,0,1,779,3255
1140,1139,0.0157,-14.2,0,0,0,748,3062
1141,1140,0.0941,-10.2,0,0,0,743,3001
1142,1141,0.3608,-9.6,0,0,1,736,2893
1143,1142,0.3451,-9.1,0,0,2,747,5655
1144,1143,0.2039,-9.1,0,0,1,770,3081
1145,1144,0.0863,-9.1,0,0,1,781,3122
1146,1145,0.1020,-12.2,0,0,1,758,3343
1147,1146,0.1098,-10.8,0,0,1,886,3022
1148,1147,0.0863,-10.8,0,0,1,876,3030
1149,1148,0.0392,-11.4,0,0,2,873,3377
1150,1149,0.0235,-12.6,0,0,2,862,3465
1151,1150,0.0706,-11.6,0,0,2,817,4359
1152,1151,0.1020,-10.8,0,0,2,828,3334
1153,1152,0.1255,-10.1,0,0,1,848,3262
1154,1153,0.2667,-8.3,0,0,2,880,3196
1155,1154,0.4784,-8.3,0,0,2,878,3496
1156,1155,0.4078,-8.7,0,0,2,979,3356
1157,1156,0.3921,-8.7,0,0,2,838,3515
1158,1157,0.1569,-8.7,0,0,1,918,3860
1159,1158,0.0941,-11.1,0,0,2,833,3353
1160,1159,0.1255,-11.1,0,0,1,818,3134
1161,1160,0.0627,-12.8,0,0,2,844,3568
1162,1161,0.0314,-18.0,0,0,1,837,3152
1163,1162,0.0392,-17.3,0,0,1,866,3192
1164,1163,0.1412,-13.0,0,0,2,765,3185
1165,1164,0.0863,-13.0,0,0,1,816,3250
1166,1165,0.1020,-19.8,0,0,1,770,3516
1167,1166,0.1020,-20.2,0,0,2,758,3061
1168,1167,0.1176,-18.0,0,0,1,761,3217
1169,1168,0.1333,-17.9,0,0,1,746,3233
1170,1169,0.0314,-17.9,0,0,0,752,3202
1171,1170,0.0314,-22.2,0,0,2,762,3394
1172,1171,0.0471,-20.7,0,0,1,897,3077
1173,1172,0.0314,-20.8,0,0,2,897,3228
1174,1173,0.0235,-28.6,0,0,1,836,3120
1175,1174,0.0392,-24.0,0,0,1,897,3537
1176,1175,0.0863,-21.8,0,0,1,962,3005
1177,1176,0.0627,-21.7,0,0,2,896,3323
1178,1177,0.1020,-21.7,0,0,1,880,3748
1179,1178,0.0627,-22.0,0,0,1,806,3142
1180,1179,0.0706,-22.6,0,0,0,1110,3258
1181,1180,0.0314,-9.0,0,0,1,902,3119
1182,1181,0.0078,-9.0,0,0,1,821,3316
1183,1182,0.0157,-9.6,0,0,1,826,3566
1184,1183,0.0000,-52.0,1,0,4,781,0
1185,1184,0.0000,-55.0,1,0,5,914,0
1186,1185,0.0000,-240.0,1,0,4,817,1
1187,1186,0.0000,-240.0,1,0,5,858,0
1188,1187,0.0000,-240.0,1,0,5,934,0
1189,1188,0.0000,-240.0,1,0,4,878,1
1190,1189,0.0000,-240.0,1,0,4,747,1
1191,1190,0.0157,-0.1,0,0,2,760,3153
1192,1191,0.0235,-0.1,0,0,2,888,3089
1193,1192,0.0863,-21.3,0,0,1,892,3345
1194,1193,0.0000,-46.0,1,0,4,861,1
1195,1194,0.0000,-240.0,1,0,1,1209,1
1196,1195,0.0000,-240.0,1,0,5,774,0
1197,1196,0.0000,-240.0,1,0,3,777,1
1198,1197,0.0000,-240.0,1,0,4,792,0
1199,1198,0.0000,-240.0,1,0,4,937,1
1200,1199,0.0000,-240.0,1,0,3,927,0
1201,1200,0.0157,-19.9,0,0,1,860,3086
1202,1201,0.1098,-17.2,0,0,2,927,2826
1203,1202,0.0471,-16.8,0,0,1,724,2861
1204,1203,0.1020,-16.7,0,0,1,721,2931
1205,1204,0.0314,-16.6,0,0,1,777,2691
1206,1205,0.1098,-14.7,0,0,1,918,2832
1207,1206,0.0392,-14.0,0,0,2,852,2859
1208,1207,0.1020,-13.8,0,0,1,811,3096
1209,1208,0.0471,-13.8,0,0,2,918,2916
1210,1209,0.1020,-14.3,0,0,2,732,3011
1211,1210,0.0392,-15.1,0,0,0,720,2950
1212,1211,0.0235,-14.7,0,0,2,712,3044
1213,1212,0.0784,-14.7,0,0,0,731,3048
1214,1213,0.0235,-15.0,0,0,0,766,3482
1215,1214,0.0784,-15.0,0,0,1,752,3034
1216,1215,0.0235,-15.6,0,0,2,736,3160
1217,1216,0.0627,-14.5,0,0,1,741,3016
1218,1217,0.0078,-14.1,0,0,1,966,2966
1219,1218,0.0078,-13.8,0,0,2,777,3275
1220,1219,0.0078,-13.8,0,0,2,816,3166
1221,1220,0.0157,-14.4,0,0,1,785,3124
1222,1221,0.0392,-21.2,0,0,1,789,3201
1223,1222,0.0549,-20.6,0,0,1,797,3253
1224,1223,0.1176,-20.6,0,0,1,785,3208
1225,1224,0.0706,-24.4,0,0,1,764,3208
1226,1225,0.0157,-24.0,0,0,1,812,2992
1227,1226,0.0235,-22.3,0,0,0,773,2954
1228,1227,0.0314,-21.8,0,0,2,780,3429
1229,1228,0.0549,-21.8,0,0,2,773,3210
1230,1229,0.0392,-23.1,0,0,1,802,2981
1231,1230,0.0863,-23.4,0,0,1,752,3333
1232,1231,0.0314,-16.4,0,0,1,892,2988
1233,1232,0.5568,-16.4,0,0,1,797,3119
1234,1233,0.1569,-14.4,0,0,1,846,3152
1235,1234,0.3451,-14.4,0,0,1,774,3215
1236,1235,0.2510,-17.2,0,0,1,775,3106
1237,1236,0.3294,-17.2,0,0,1,779,3310
1238,1237,0.1569,-12.2,0,0,1,822,3254
1239,1238,0.3451,-12.2,0,0,2,784,3203
1240,1239,0.2118,-18.2,0,0,1,774,3134
1241,1240,0.0314,-17.2,0,0,1,802,3628
1242,1241,0.0314,-10.8,0,0,1,761,3050
1243,1242,0.1725,-5.8,0,0,2,770,3287
1244,1243,0.5333,-5.8,0,0,1,829,3060
1245,1244,0.3137,-13.4,0,0,1,799,2996
1246,1245,0.0000,-240.0,1,0,4,831,0
1247,1246,0.0000,-240.0,1,0,4,748,1
1248,1247,0.0000,-240.0,1,0,4,746,1
1249,1248,0.0000,-240.0,1,0,4,747,1
1250,1249,0.0000,-240.0,1,0,4,777,1
1251,1250,0.0078,-0.0,0,0,4,782,6606
1252,1251,0.2274,-0.0,0,0,2,1007,4388
1253,1252,0.2431,-21.2,0,0,1,782,3355
1254,1253,0.0000,-54.2,1,0,4,796,1
1255,1254,0.0000,-54.6,1,0,6,808,0
1256,1255,0.0000,-240.0,1,0,4,786,0
1257,1256,0.0000,-240.0,1,0,5,789,1
1258,1257,0.0000,-240.0,1,0,4,814,1
1259,1258,0.0000,-240.0,1,0,4,871,1
1260,1259,0.0000,-240.0,1,0,1,961,1
1261,1260,0.0078,-18.3,0,0,2,775,3126
1262,1261,0.0863,-10.3,0,0,2,781,4004
1263,1262,0.3921,-10.3,0,0,1,824,3069
1264,1263,0.0000,-40.9,1,0,4,779,0
1265,1264,0.0000,-55.8,1,0,3,779,0
1266,1265,0.0000,-58.1,1,0,4,771,1
1267,1266,0.0000,-240.0,1,0,5,781,0
1268,1267,0.0000,-240.0,1,0,1,760,0
1269,1268,0.0000,-240.0,1,0,4,781,1
1270,1269,0.0000,-240.0,1,0,4,772,1
1271,1270,0.0000,-42.5,1,0,2,1021,1
1272,1271,0.0314,-0.0,0,0,1,774,3113
1273,1272,0.0549,-0.0,0,0,0,841,3062
1274,1273,0.0235,-23.2,0,0,1,783,3135
1275,1274,0.0235,-28.6,0,0,1,756,3092
1276,1275,0.0314,-26.0,0,0,2,749,2949
1277,1276,0.0314,-26.0,0,0,2,741,3100
1278,1277,0.0235,-25.1,0,0,2,756,3097
1279,1278,0.2274,-25.1,0,0,0,735,2944
1280,1279,0.0000,-46.4,1,0,3,749,1
1281,1280,0.0078,-4.8,0,0,1,786,3239
1282,1281,0.0078,-4.8,0,0,1,773,3125
1283,1282,0.0078,-7.1,0,0,1,784,3148
1284,1283,0.0000,-2.3,0,0,1,1038,3028
1285,1284,0.0235,-1.0,0,0,0,786,3220
1286,1285,0.0157,-1.0,0,0,2,794,3110
1287,1286,0.0392,-4.6,0,0,1,795,3244
1288,1287,0.0157,-3.5,0,0,1,773,3022
1289,1288,0.0235,-3.5,0,0,0,759,3203
1290,1289,0.0078,-1.7,0,0,1,747,3433
1291,1290,0.0314,-1.7,0,0,0,809,3000
1292,1291,0.0784,-0.4,0,0,1,772,3073
1293,1292,0.3294,-0.0,0,0,1,786,3030
1294,1293,0.2039,-0.0,0,0,1,765,3232
1295,1294,0.0863,-0.2,0,0,2,802,3329
1296,1295,0.0235,-4.8,0,0,0,781,3222
1297,1296,0.0392,-17.1,0,0,2,773,3465
1298,1297,0.0157,-10.8,0,0,1,785,3291
1299,1298,0.0235,-10.8,0,0,1,869,3037
1300,1299,0.0157,-10.3,0,0,2,871,3280
1301,1300,0.0157,-10.3,0,0,1,770,3031
1302,1301,0.0471,-1.2,0,0,1,811,3200
1303,1302,0.0549,-0.8,0,0,2,800,3099
1304,1303,0.2431,-0.5,0,0,1,772,3531
1305,1304,0.1569,-0.5,0,0,0,730,2851
1306,1305,0.1725,-0.4,0,0,2,726,3147
1307,1306,0.1569,-0.4,0,0,2,758,3080
1308,1307,0.0549,-0.7,0,0,2,802,2984
1309,1308,0.1333,-0.0,0,0,1,821,3113
1310,1309,0.1333,-0.0,0,0,1,832,2980
1311,1310,0.0157,-14.3,0,0,1,844,2984
1312,1311,0.0078,-10.1,0,0,1,752,3143
1313,1312,0.0157,-9.3,0,0,1,752,5622
1314,1313,0.0000,-9.3,0,0,1,772,3084
1315,1314,0.0078,-9.7,0,0,1,749,3149
1316,1315,0.0235,-9.7,0,0,1,763,3773
1317,1316,0.0078,-10.1,0,0,2,762,3534
1318,1317,0.0627,-8.0,0,0,2,745,3044
1319,1318,0.1569,-8.0,0,0,1,798,3238
1320,1319,0.0000,-240.0,1,0,2,799,1
1321,1320,0.0706,-0.0,0,0,1,902,3115
1322,1321,0.5333,-0.0,0,0,1,823,3175
1323,1322,0.5019,-0.0,0,0,1,781,3128
1324,1323,0.2431,-0.1,0,0,1,777,3135
1325,1324,0.3608,-0.0,0,0,1,790,3154
1326,1325,0.3137,-0.0,0,0,1,779,3038
1327,1326,0.4314,-0.0,0,0,1,764,3674
1328,1327,0.5333,-0.0,0,0,2,790,3292
1329,1328,0.4078,-0.0,0,0,1,865,3886
1330,1329,0.0706,-1.5,0,0,1,751,3036
1331,1330,0.0078,-11.0,0,0,1,767,3170
1332,1331,0.0941,-11.0,0,0,2,768,4648
1333,1332,0.0549,-10.2,0,0,1,776,3202
1334,1333,0.0627,-10.2,0,0,1,758,3105
1335,1334,0.0706,-9.8,0,0,1,790,3220
1336,1335,0.1176,-9.8,0,0,2,780,3079
1337,1336,0.0863,-11.5,0,0,1,783,3040
1338,1337,0.1098,-11.5,0,0,1,787,3064
1339,1338,0.0706,-13.3,0,0,1,842,3466
1340,1339,0.1333,-13.3,0,0,2,803,3280
1341,1340,0.0549,-18.4,0,0,1,791,3094
1342,1341,0.0314,-10.0,0,0,1,838,3211
1343,1342,0.0627,-12.8,0,0,1,875,3301
1344,1343,0.0235,-11.1,0,0,1,812,3169
1345,1344,0.0314,-11.1,0,0,1,830,3408
1346,1345,0.0157,-13.4,0,0,1,842,3511
1347,1346,0.0235,-13.4,0,0,2,849,3216
1348,1347,0.0314,-19.3,0,0,1,806,3237
1349,1348,0.0314,-15.3,0,0,1,814,3170
1350,1349,0.0392,-15.3,0,0,1,786,3334
1351,1350,0.0471,-17.4,0,0,1,798,3484
1352,1351,0.0078,-20.5,0,0,2,806,3207
1353,1352,0.0157,-15.2,0,0,2,810,3643
1354,1353,0.0314,-11.4,0,0,1,807,3373
1355,1354,0.1882,-6.1,0,0,1,794,3107
1356,1355,0.6039,-6.1,0,0,1,790,3092
1357,1356,0.4627,-6.1,0,0,1,781,3099
1358,1357,0.4784,-8.8,0,0,2,773,2992
1359,1358,0.4627,-7.8,0,0,10,761,3024
1360,1359,0.3921,-7.8,0,0,0,759,3013
1361,1360,0.3608,-0.7,0,0,1,788,3293
1362,1361,0.1725,-0.7,0,0,2,752,2953
1363,1362,0.0157,-1.1,0,0,2,744,3139
1364,1363,0.1569,-1.1,0,0,2,794,3147
1365,1364,0.0000,-90.3,1,0,2,1839,1
1366,1365,0.0000,-240.0,1,0,27,851,1
1367,1366,0.0000,-240.0,1,0,4,844,0
1368,1367,0.0000,-240.0,1,0,5,869,1
1369,1368,0.0000,-240.0,1,0,5,874,0
1370,1369,0.0000,-240.0,1,0,1,960,1
1371,1370,0.0078,-10.4,0,0,2,872,3273
1372,1371,0.0078,-10.4,0,0,2,1145,3858
1373,1372,0.0157,-6.4,0,0,1,892,3424
1374,1373,0.0235,-6.4,0,0,1,847,3346
1375,1374,0.0078,-15.0,0,0,2,838,4278
1376,1375,0.3137,-15.0,0,0,1,838,3438
1377,1376,0.0235,-27.6,0,0,0,848,3256
1378,1377,0.0000,-240.0,1,0,3,1082,0
1379,1378,0.0000,-240.0,1,0,4,847,1
1380,1379,0.0000,-240.0,1,0,5,817,0
1381,1380,0.0000,-19.6,0,0,1,856,3333
1382,1381,0.0078,-12.6,0,0,1,868,3727
1383,1382,0.0157,-8.9,0,0,2,828,3381
1384,1383,0.0000,-10.6,0,0,1,830,3262
1385,1384,0.0000,-13.1,0,0,1,844,3693
1386,1385,0.0000,-16.2,0,0,2,848,3158
1387,1386,0.0078,-17.0,0,0,0,869,3482
1388,1387,0.0314,-18.3,0,0,1,843,3556
1389,1388,0.0078,-18.8,0,0,2,862,3430
1390,1389,0.0078,-10.4,0,0,1,849,3516
1391,1390,0.0078,-10.4,0,0,1,822,3396
1392,1391,0.0078,-19.3,0,0,2,831,3651
1393,1392,0.0078,-25.2,0,0,1,830,3387
1394,1393,0.0078,-25.2,0,0,1,828,3275
1395,1394,0.0078,-27.5,0,0,2,865,3258
1396,1395,0.0078,-27.5,0,0,1,812,3361
1397,1396,0.0078,-26.1,0,0,1,827,3586
1398,1397,0.0078,-18.7,0,0,2,844,3507
1399,1398,0.0078,-18.7,0,0,2,815,3882
1400,1399,0.0000,-21.4,0,0,2,847,3435
1401,1400,0.0000,-17.4,0,0,1,850,3579
1402,1401,0.0000,-17.4,0,0,2,835,3512
1403,1402,0.0078,-21.0,0,0,1,857,3363
1404,1403,0.0078,-19.1,0,0,2,827,3630
1405,1404,0.0078,-19.1,0,0,0,868,6256
1406,1405,0.0078,-20.6,0,0,1,864,3349
1407,1406,0.0078,-13.6,0,0,23,840,3505
1408,1407,0.0078,-12.9,0,0,2,836,3305
1409,1408,0.0000,-12.9,0,0,2,966,3621
1410,1409,0.0078,-16.4,0,0,2,863,3903
1411,1410,0.0078,-9.9,0,0,2,836,4537
1412,1411,0.0078,-9.9,0,0,2,863,3661
1413,1412,0.0000,-25.5,0,0,2,845,3338
1414,1413,0.0078,-33.2,0,0,1,837,3310
1415,1414,0.0157,-35.1,0,0,1,874,3457
1416,1415,0.0235,-35.1,0,0,2,969,4036
1417,1416,0.0157,-18.0,0,0,1,862,4191
1418,1417,0.0078,-12.5,0,0,1,836,3410
1419,1418,0.0235,-8.8,0,0,2,850,3363
1420,1419,0.0078,-8.8,0,0,1,844,3306
1421,1420,0.0392,-0.0,0,0,2,836,3262
1422,1421,0.2039,-0.0,0,0,1,843,3284
1423,1422,0.7608,-3.4,0,0,1,815,3337
1424,1423,0.0000,-240.0,1,0,5,873,1
1425,1424,0.0000,-240.0,1,0,25,853,1
1426,1425,0.0000,-240.0,1,0,4,808,1
1427,1426,0.0000,-240.0,1,0,4,790,0
1428,1427,0.0000,-240.0,1,0,2,863,1
1429,1428,0.0000,-240.0,1,0,7,786,1
1430,1429,0.0000,-240.0,1,0,3,838,0
1431,1430,0.0157,-0.0,0,0,1,791,3083
1432,1431,0.3765,-0.0,0,0,2,775,3312
1433,1432,0.6039,-22.4,0,0,1,806,3263
1434,1433,0.0000,-240.0,1,0,4,857,1
1435,1434,0.0000,-240.0,1,0,6,795,1
1436,1435,0.0000,-240.0,1,0,5,798,1
1437,1436,0.0000,-240.0,1,0,4,846,0
1438,1437,0.0000,-240.0,1,0,6,830,1
1439,1438,0.0000,-240.0,1,0,6,1137,1
1440,1439,0.0000,-240.0,1,0,1,982,0
1441,1440,0.0078,-14.8,0,0,2,852,3874
1442,1441,0.1333,-14.8,0,0,2,897,3477
1443,1442,0.0157,-14.7,0,0,3,881,3528
1444,1443,0.0078,-14.7,0,0,1,881,3563
1445,1444,0.0157,-15.1,0,0,1,859,3454
1446,1445,0.1490,-15.1,0,0,1,898,3482
1447,1446,0.0157,-15.5,0,0,0,839,3257
1448,1447,0.0078,-14.8,0,0,1,846,3491
1449,1448,0.0078,-14.2,0,0,2,1298,3420
1450,1449,0.1569,-14.2,0,0,1,1113,3496
1451,1450,0.0078,-29.4,0,0,2,1081,3423
1452,1451,0.0235,-31.1,0,0,2,851,3526
1453,1452,0.0157,-26.3,0,0,1,913,3380
1454,1453,0.0078,-25.3,0,0,2,1099,3798
1455,1454,0.0078,-6.4,0,0,2,871,3538
1456,1455,0.0471,-6.4,0,0,0,1014,3388
1457,1456,0.0314,-8.4,0,0,2,954,3340
1458,1457,0.0157,-10.7,0,0,2,851,3318
1459,1458,0.0471,-27.5,0,0,2,879,3380
1460,1459,0.0235,-31.0,0,0,2,850,3396
1461,1460,0.0784,-11.0,0,0,2,950,3411
1462,1461,0.4470,-10.9,0,0,2,836,3333
1463,1462,0.4470,-10.9,0,0,2,869,3480
1464,1463,0.4784,-10.6,0,0,1,851,3351
1465,1464,0.3608,-10.6,0,0,2,850,3321
1466,1465,0.4784,-10.8,0,0,2,833,3516
1467,1466,0.4627,-10.8,0,0,2,1034,4322
1468,1467,0.4784,-10.7,0,0,2,1517,3629
1469,1468,0.4784,-10.4,0,0,1,963,4105
1470,1469,0.4078,-10.4,0,0,1,925,3587
1471,1470,0.6431,-2.4,0,0,1,854,3663
1472,1471,0.9333,-4.8,0,1,2,854,3775
1473,1472,0.9411,-3.1,0,1,2,813,3332
1474,1473,0.8235,-3.1,0,1,2,901,3473
1475,1474,0.0706,-25.2,0,1,1,919,3482
1476,1475,0.0000,-240.0,1,1,6,838,1
1477,1476,0.0000,-240.0,1,0,5,888,19
1478,1477,0.0000,-240.0,1,0,5,809,1
1479,1478,0.0000,-240.0,1,0,6,815,1
1480,1479,0.0000,-240.0,1,0,5,868,0
1481,1480,0.0157,-15.9,0,0,5,800,3019
1482,1481,0.3608,-15.9,0,0,3,819,3224
1483,1482,0.1569,-25.9,0,0,1,961,3762
1484,1483,0.0941,-32.3,0,0,1,859,3823
1485,1484,0.3451,-29.6,0,0,1,828,3244
1486,1485,0.1569,-26.3,0,0,2,864,3142
1487,1486,0.1255,-26.3,0,0,1,866,4401
1488,1487,0.1569,-27.4,0,0,1,839,3555
1489,1488,0.2039,-27.4,0,0,1,879,3302
1490,1489,0.1725,-33.4,0,0,1,887,4253
1491,1490,0.0863,-12.8,0,0,2,1276,3437
1492,1491,0.1255,-12.8,0,0,1,869,3263
1493,1492,0.0000,-43.7,1,0,4,833,1
1494,1493,0.0392,-35.9,0,0,2,976,3266
1495,1494,0.0706,-21.3,0,0,1,924,3183
1496,1495,0.0392,-21.3,0,0,1,1093,3138
1497,1496,0.1490,-19.9,0,0,1,813,3188
1498,1497,0.1176,-7.6,0,0,2,953,3421
1499,1498,0.0627,-7.6,0,0,1,1118,3370
1500,1499,0.1333,-17.1,0,0,1,980,3256
1501,1500,0.0392,-9.7,0,0,1,806,3166
1502,1501,0.0392,-9.7,0,0,2,817,3532
1503,1502,0.0314,-7.1,0,0,1,909,3793
1504,1503,0.0549,-7.1,0,0,1,996,3667
1505,1504,0.0471,-5.2,0,0,0,849,3640
1506,1505,0.0549,-5.2,0,0,2,875,4252
1507,1506,0.0314,-5.1,0,0,1,838,3483
1508,1507,0.0235,-5.1,0,0,2,864,4684
1509,1508,0.0627,-4.8,0,0,2,899,3768
1510,1509,0.0627,-4.8,0,0,2,865,5417
1511,1510,0.0314,-14.4,0,0,2,899,3709
1512,1511,0.0392,-24.5,0,0,1,901,3506
1513,1512,0.1333,-21.0,0,0,2,913,4047
1514,1513,0.1804,-21.0,0,0,2,924,3893
1515,1514,0.0314,-25.6,0,0,2,926,3605
1516,1515,0.0627,-22.8,0,0,1,891,3522
1517,1516,0.0392,-22.8,0,0,1,894,3544
1518,1517,0.0235,-24.6,0,0,2,1276,4845
1519,1518,0.1333,-24.6,0,0,1,933,3717
1520,1519,0.0392,-24.8,0,0,1,1217,3925
1521,1520,0.0157,-0.1,0,0,2,897,3649
1522,1521,0.0078,-0.0,0,0,1,901,4003
1523,1522,0.0078,-0.0,0,0,1,920,4063
1524,1523,0.0157,-0.0,0,0,2,889,3411
1525,1524,0.3137,-31.4,0,0,4,1649,4494
1526,1525,0.1098,-39.8,0,0,2,1025,3739
1527,1526,0.0000,-240.0,1,0,1,1015,0
1528,1527,0.0000,-240.0,1,0,5,871,0
1529,1528,0.0000,-240.0,1,0,5,896,1
1530,1529,0.0000,-240.0,1,0,5,879,1
1531,1530,0.0157,-22.5,0,0,1,853,3264
1532,1531,0.1176,-28.1,0,0,1,869,4265
1533,1532,0.1333,-28.1,0,0,2,982,3522
1534,1533,0.0314,-24.2,0,0,1,862,3420
1535,1534,0.0314,-23.5,0,0,1,1085,3737
1536,1535,0.0314,-17.0,0,0,2,879,3363
1537,1536,0.0314,-17.0,0,0,4,881,4637
1538,1537,0.0314,-20.2,0,0,2,943,3757
1539,1538,0.0235,-20.2,0,0,1,885,4408
1540,1539,0.0392,-15.8,0,0,3,1194,3731
1541,1540,0.0941,-15.8,0,0,3,1131,5171
1542,1541,0.0000,-60.5,1,0,15,894,2
1543,1542,0.0078,-19.8,0,0,1,899,5334
1544,1543,0.0078,-19.8,0,0,2,889,4938
1545,1544,0.0235,-19.5,0,0,2,898,3746
1546,1545,0.0078,-19.5,0,0,1,899,4380
1547,1546,0.0314,-25.1,0,0,1,1002,3524
1548,1547,0.0000,-54.5,1,0,5,920,1
1549,1548,0.0314,-29.6,0,0,2,906,3597
1550,1549,0.0078,-20.2,0,0,3,1672,7264
1551,1550,0.0471,-20.2,0,0,1,1174,4481
1552,1551,0.0157,-26.9,0,0,2,906,3475
1553,1552,0.0471,-26.9,0,0,5,894,3953
1554,1553,0.0000,-40.7,1,0,5,889,1
1555,1554,0.0000,-56.5,1,0,1,1104,0
1556,1555,0.0000,-49.5,1,0,1,938,0
1557,1556,0.0078,-23.2,0,0,2,899,3977
1558,1557,0.0157,-23.2,0,0,1,1106,3415
1559,1558,0.0784,-36.7,0,0,2,878,3781
1560,1559,0.0157,-21.9,0,0,2,889,3478
1561,1560,0.0078,-21.9,0,0,3,953,3625
1562,1561,0.0392,-29.2,0,0,2,946,3570
1563,1562,0.0000,-40.3,1,0,2,1064,0
1564,1563,0.0392,-24.6,0,0,2,1018,3921
1565,1564,0.0078,-22.8,0,0,1,914,3491
1566,1565,0.0078,-22.8,0,0,2,911,4715
1567,1566,0.0314,-28.8,0,0,1,912,3849
1568,1567,0.0157,-28.8,0,0,4,1726,7486
1569,1568,0.0549,-29.8,0,0,2,1277,3843
1570,1569,0.1020,-34.5,0,0,2,1274,3633
1571,1570,0.0863,-0.0,0,0,2,901,3983
1572,1571,0.1569,-0.0,0,0,1,919,3932
1573,1572,0.8470,-1.1,0,0,2,1076,3630
1574,1573,0.5176,-23.9,0,0,2,926,4818
1575,1574,0.0000,-240.0,1,0,2,891,0
1576,1575,0.0000,-240.0,1,0,6,1155,1
1577,1576,0.0000,-240.0,1,0,1,954,1
1578,1577,0.0000,-240.0,1,0,5,890,1
1579,1578,0.0000,-240.0,1,0,5,930,1
1580,1579,0.0000,-240.0,1,0,2,1113,1
1581,1580,0.0157,-23.7,0,0,2,852,7164
1582,1581,0.0549,-20.8,0,0,1,1069,6196
1583,1582,0.0392,-20.8,0,0,2,2766,4808
1584,1583,0.0706,-21.5,0,0,0,1132,5171
1585,1584,0.0863,-19.5,0,0,1,2227,6077
1586,1585,0.0549,-19.5,0,0,1,1129,4103
1587,1586,0.0627,-23.7,0,0,1,894,3430
1588,1587,0.0863,-21.3,0,0,2,850,3977
1589,1588,0.0627,-21.3,0,0,2,874,5600
1590,1589,0.0471,-22.0,0,0,3,877,3614
1591,1590,0.1098,-23.1,0,0,1,1032,3700
1592,1591,0.1176,-19.0,0,0,2,1032,3378
1593,1592,0.1098,-19.0,0,0,1,1087,3532
1594,1593,0.0941,-0.7,0,0,2,1037,4035
1595,1594,0.0235,-0.7,0,0,2,962,3832
1596,1595,0.0314,-0.7,0,0,2,1966,4858
1597,1596,0.0157,-0.7,0,0,3,3125,4406
1598,1597,0.0627,-0.0,0,0,2,998,4076
1599,1598,0.0627,-0.0,0,0,2,1247,3991
1600,1599,0.0314,-0.5,0,0,3,915,3879
1601,1600,0.0314,-0.5,0,0,2,1241,4197
1602,1601,0.0863,-6.5,0,0,3,906,3508
1603,1602,0.1412,-7.1,0,0,2,1212,3569
1604,1603,0.1569,-5.5,0,0,2,888,3610
1605,1604,0.1882,-5.5,0,0,3,888,3570
1606,1605,0.1725,-7.8,0,0,1,919,3627
1607,1606,0.1412,-7.6,0,0,1,879,3601
1608,1607,0.1333,-7.6,0,0,2,884,3761
1609,1608,0.0627,-7.9,0,0,2,891,3660
1610,1609,0.0549,-8.2,0,0,2,884,4983
1611,1610,0.0627,-5.1,0,0,2,899,3478
1612,1611,0.0706,-5.1,0,0,2,942,3790
1613,1612,0.0627,-5.3,0,0,2,886,3853
1614,1613,0.0314,-6.2,0,0,1,902,3772
1615,1614,0.0706,-0.0,0,0,3,1115,3730
1616,1615,0.5176,-0.0,0,0,1,1120,3817
1617,1616,0.0706,-27.5,0,0,1,896,3523
1618,1617,0.0000,-240.0,1,0,5,912,0
1619,1618,0.0000,-240.0,1,0,6,1040,0
1620,1619,0.0000,-240.0,1,0,1,885,1
1621,1620,0.0157,-17.8,0,0,2,1072,3273
1622,1621,0.0078,-17.3,0,0,1,881,4346
1623,1622,0.0078,-17.3,0,0,4,887,3652
1624,1623,0.0078,-17.7,0,0,1,890,3689
1625,1624,0.0078,-19.4,0,0,2,893,4226
1626,1625,0.0078,-19.4,0,0,1,1014,3576
1627,1626,0.0078,-19.4,0,0,1,896,3759
1628,1627,0.0078,-23.1,0,0,2,908,3779
1629,1628,0.0078,-15.9,0,0,1,907,3567
1630,1629,0.0078,-15.9,0,0,1,864,3597
1631,1630,0.0471,-18.6,0,0,1,891,3674
1632,1631,0.1098,-18.6,0,0,1,958,4027
1633,1632,0.0392,-21.3,0,0,1,929,3688
1634,1633,0.0235,-21.3,0,0,2,1152,3608
1635,1634,0.0392,-21.2,0,0,3,1191,3985
1636,1635,0.0392,-21.2,0,0,2,888,3616
1637,1636,0.0627,-20.7,0,0,1,946,3496
1638,1637,0.0627,-15.6,0,0,3,935,7379
1639,1638,0.0235,-15.6,0,0,2,926,3641
1640,1639,0.0078,-21.7,0,0,2,881,3765
1641,1640,0.1020,-26.0,0,0,1,898,3328
1642,1641,0.0706,-34.0,0,0,2,864,3517
1643,1642,0.0706,-31.5,0,0,2,977,3395
1644,1643,0.1255,-25.8,0,0,2,882,3963
1645,1644,0.2039,-25.8,0,0,2,884,3669
1646,1645,0.0549,-30.2,0,0,2,1395,4726
1647,1646,0.0392,-1.9,0,0,1,933,4141
1648,1647,0.1098,-1.9,0,0,2,2522,3590
1649,1648,0.1333,-14.3,0,0,2,1035,3852
1650,1649,0.0471,-34.6,0,0,1,928,3719
1651,1650,0.0235,-27.7,0,0,2,909,3514
1652,1651,0.0235,-23.1,0,0,2,889,3667
1653,1652,0.0392,-23.1,0,0,6,912,7936
1654,1653,0.0549,-22.9,0,0,2,1008,4422
1655,1654,0.0549,-22.9,0,0,1,943,3596
1656,1655,0.0471,-23.3,0,0,2,1128,3561
1657,1656,0.0392,-33.8,0,0,2,1041,3797
1658,1657,0.0157,-22.2,0,0,1,950,3792
1659,1658,0.0078,-22.2,0,0,1,953,3498
1660,1659,0.0078,-37.0,0,0,2,972,3826
1661,1660,0.0157,-38.4,0,0,2,917,4015
1662,1661,0.0078,-38.2,0,0,2,907,4442
1663,1662,0.0078,-38.2,0,0,2,912,4334
1664,1663,0.0157,-31.4,0,0,2,912,3823
1665,1664,0.0157,-24.3,0,0,2,905,3813
1666,1665,0.0157,-23.9,0,0,1,900,4568
1667,1666,0.0314,-23.5,0,0,2,912,4647
1668,1667,0.0941,-23.5,0,0,1,1097,3765
1669,1668,0.0000,-40.9,1,0,5,990,1
1670,1669,0.0000,-40.9,1,0,4,924,1
1671,1670,0.0471,-0.3,0,0,1,1191,3740
1672,1671,0.1725,-0.3,0,0,2,899,3600
1673,1672,0.3608,-0.9,0,0,0,925,3468
1674,1673,0.0863,-0.9,0,0,1,995,3732
1675,1674,0.0078,-5.0,0,0,2,905,4964
1676,1675,0.0471,-2.6,0,0,1,906,3955
1677,1676,0.0392,-2.6,0,0,1,885,3580
1678,1677,0.0000,-6.5,0,0,3,897,3531
1679,1678,0.0078,-21.7,0,0,1,902,3638
1680,1679,0.0078,-1.4,0,0,2,893,3610
1681,1680,0.0314,-1.4,0,0,1,894,3719
1682,1681,0.1569,-1.5,0,0,2,898,3855
1683,1682,0.1020,-0.9,0,0,3,875,3552
1684,1683,0.2274,-0.9,0,0,1,968,3696
1685,1684,0.0314,-5.7,0,0,3,897,4558
1686,1685,0.0000,-13.2,0,0,2,1110,5237
1687,1686,0.0000,-5.7,0,0,2,912,3698
1688,1687,0.0314,-2.9,0,0,2,900,3760
1689,1688,0.0314,-2.9,0,0,2,905,4013
1690,1689,0.0157,-6.3,0,0,2,1078,4952
1691,1690,0.0078,-17.7,0,0,3,1746,3985
1692,1691,0.0078,-12.8,0,0,0,923,5030
1693,1692,0.0078,-12.5,0,0,2,1088,3595
1694,1693,0.0157,-12.5,0,0,2,1214,3388
1695,1694,0.0078,-11.9,0,0,3,901,3990
1696,1695,0.0157,-11.9,0,0,0,951,3725
1697,1696,0.0078,-20.3,0,0,2,874,5319
1698,1697,0.0157,-19.1,0,0,2,883,3874
1699,1698,0.0157,-16.6,0,0,2,884,3621
1700,1699,0.0157,-16.6,0,0,4,929,4011
1701,1700,0.0549,-19.6,0,0,1,924,3578
1702,1701,0.0157,-17.3,0,0,1,986,3389
1703,1702,0.0392,-17.3,0,0,2,911,3520
1704,1703,0.0392,-18.0,0,0,1,927,3516
1705,1704,0.0314,-15.4,0,0,2,857,3588
1706,1705,0.0627,-15.4,0,0,4,883,6445
1707,1706,0.4470,-32.3,0,0,1,957,4881
1708,1707,0.0000,-240.0,1,0,6,902,1
1709,1708,0.0000,-240.0,1,0,3,2194,1
1710,1709,0.0000,-240.0,1,0,2,1012,1
1711,1710,0.0314,-25.0,0,0,2,898,3558
1712,1711,0.1725,-25.0,0,0,2,916,4116
1713,1712,0.0863,-23.3,0,0,3,944,6816
1714,1713,0.0863,-23.3,0,0,2,938,4391
1715,1714,0.1176,-21.1,0,0,1,933,4241
1716,1715,0.1255,-21.1,0,0,1,901,4358
1717,1716,0.0706,-20.7,0,0,2,1008,3898
1718,1717,0.1176,-18.4,0,0,1,908,4307
1719,1718,0.5882,-18.4,0,0,1,1174,3736
1720,1719,0.7608,-29.2,0,0,2,894,6594
1721,1720,0.0471,-10.0,0,0,2,880,4293
1722,1721,0.5725,-10.0,0,0,2,1063,5623
1723,1722,0.4627,-11.2,0,0,2,939,3607
1724,1723,0.4784,-13.9,0,0,2,942,3552
1725,1724,0.5176,-13.9,0,0,2,887,3405
1726,1725,0.5019,-13.4,0,0,2,1963,4937
1727,1726,0.5882,-13.4,0,0,2,905,5835
1728,1727,0.6588,-12.9,0,0,2,924,4292
1729,1728,0.6588,-12.9,0,1,2,874,3556
1730,1729,0.5882,-9.1,0,1,2,882,3741
1731,1730,0.6431,-9.1,0,1,1,993,3614
1732,1731,0.8078,-12.1,0,1,1,888,3426
1733,1732,0.7764,-12.1,0,1,2,875,3498
1734,1733,0.8000,-13.0,0,1,1,886,4012
1735,1734,0.6588,-13.0,0,1,2,865,3463
1736,1735,0.7764,-14.4,0,1,2,863,3317
1737,1736,0.6902,-14.4,0,1,2,859,3336
1738,1737,0.8000,-11.5,0,1,2,971,3288
1739,1738,0.6431,-11.5,0,1,3,859,4342
1740,1739,0.8235,-11.5,0,1,1,833,3675
1741,1740,0.4784,-9.8,0,1,1,1064,3189
1742,1741,0.8235,-9.8,0,1,2,1057,3333
1743,1742,0.5882,-11.7,0,1,1,794,3195
1744,1743,0.3608,-24.3,0,1,1,926,3011
1745,1744,0.4314,-16.0,0,0,0,782,3212
1746,1745,0.3921,-16.0,0,0,0,957,3087
1747,1746,0.3137,-16.5,0,0,1,756,4815
1748,1747,0.2823,-11.9,0,0,1,793,3638
1749,1748,0.1098,-9.6,0,0,2,858,3145
1750,1749,0.1569,-9.6,0,0,1,792,3489
1751,1750,0.6274,-11.6,0,0,1,804,3209
1752,1751,0.4078,-11.6,0,0,1,787,5436
1753,1752,0.1490,-16.7,0,0,2,930,3053
1754,1753,0.1333,-27.0,0,0,1,769,3245
1755,1754,0.3451,-23.1,0,0,1,766,2916
1756,1755,0.2667,-20.5,0,0,0,810,2824
1757,1756,0.5176,-18.0,0,0,1,907,2796
1758,1757,0.6039,-12.0,0,0,1,883,3296
1759,1758,0.4470,-8.8,0,0,1,721,2956
1760,1759,0.3608,-8.8,0,0,1,722,2795
1761,1760,0.2823,-9.1,0,0,1,813,2797
1762,1761,0.0000,-10.3,0,0,1,876,3657
1763,1762,0.0157,-0.0,0,0,1,914,2742
1764,1763,0.0078,-0.0,0,0,1,835,3031
1765,1764,0.0078,-24.3,0,0,1,790,3491
1766,1765,0.0157,-35.8,0,0,2,798,2901
1767,1766,0.0000,-240.0,1,0,4,830,0
1768,1767,0.0000,-240.0,1,0,5,701,1
1769,1768,0.0000,-240.0,1,0,3,869,1
1770,1769,0.0000,-240.0,1,0,2,841,1
1771,1770,0.0314,-13.9,0,0,2,696,2977
1772,1771,0.1569,-13.9,0,0,1,808,2989
1773,1772,0.1020,-13.5,0,0,1,740,3033
1774,1773,0.1098,-13.5,0,0,1,780,3072
1775,1774,0.1569,-13.7,0,0,1,947,2838
1776,1775,0.1569,-13.7,0,0,0,752,2981
1777,1776,0.1255,-12.3,0,0,2,809,2859
1778,1777,0.3137,-12.3,0,0,1,799,2884
1779,1778,0.0314,-11.5,0,0,2,914,3188
1780,1779,0.0784,-11.5,0,0,1,811,2767
1781,1780,0.0235,-13.3,0,0,1,828,2951
1782,1781,0.0235,-13.3,0,0,0,657,2754
1783,1782,0.0392,-9.0,0,0,0,862,2636
1784,1783,0.0235,-9.0,0,0,1,653,2624
1785,1784,0.0157,-11.8,0,0,1,652,2769
1786,1785,0.0314,-11.0,0,0,1,676,2838
1787,1786,0.0392,-7.9,0,0,1,710,3115
1788,1787,0.0392,-5.9,0,0,1,769,3248
1789,1788,0.0471,-2.7,0,0,1,760,3095
1790,1789,0.0627,-2.7,0,0,2,866,3432
1791,1790,0.2667,-5.6,0,0,1,1053,3113
1792,1791,0.0549,-1.9,0,0,0,805,3272
1793,1792,0.6431,-1.9,0,0,2,839,3501
1794,1793,0.2823,-0.0,0,0,12,839,3846
1795,1794,0.6431,-0.0,0,0,1,864,3265
1796,1795,0.2118,-6.2,0,0,1,830,3499
1797,1796,0.1490,-1.3,0,0,0,810,3521
1798,1797,0.1804,-1.3,0,0,2,890,3264
1799,1798,0.1020,-7.0,0,0,1,949,2984
1800,1799,0.0627,-7.0,0,0,1,1139,2972
1801,1800,0.0157,-33.3,0,0,1,1072,3027
1802,1801,0.0314,-33.6,0,0,1,797,3151
1803,1802,0.0549,-25.2,0,0,1,949,2965
1804,1803,0.0157,-15.2,0,0,2,786,3178
1805,1804,0.0078,-15.2,0,0,2,858,3167
1806,1805,0.0235,-20.0,0,0,1,778,2996
1807,1806,0.0471,-33.5,0,0,0,864,2885
1808,1807,0.0471,-24.2,0,0,1,744,4137
1809,1808,0.0078,-16.2,0,0,1,788,2784
1810,1809,0.0078,-16.2,0,0,1,956,2949
1811,1810,0.0392,-0.4,0,0,1,908,2795
1812,1811,0.1804,-0.0,0,0,1,733,2872
1813,1812,0.1490,-0.0,0,0,0,871,2835
1814,1813,0.1333,-0.2,0,0,0,722,2982
1815,1814,0.1333,-0.7,0,0,0,705,2677
1816,1815,0.0549,-0.7,0,0,0,880,3018
1817,1816,0.0078,-0.4,0,0,1,793,2716
1818,1817,0.0078,-0.4,0,0,1,845,2891
1819,1818,0.0314,-12.7,0,0,1,835,2680
1820,1819,0.0157,-15.3,0,0,0,833,2808
1821,1820,0.1020,-15.8,0,0,1,666,3105
1822,1821,0.0706,-13.0,0,0,1,669,2909
1823,1822,0.0314,-13.0,0,0,1,885,2797
1824,1823,0.0000,-61.7,1,0,5,672,0
1825,1824,0.0000,-60.5,1,0,1,1225,1
1826,1825,0.0392,-15.9,0,0,2,717,3688
1827,1826,0.0549,-15.9,0,0,1,667,2944
1828,1827,0.0000,-65.2,1,0,3,842,1
1829,1828,0.0000,-65.2,1,0,3,696,0
1830,1829,0.0235,-19.6,0,0,2,765,3208
1831,1830,0.0235,-19.6,0,0,1,904,2780
1832,1831,0.1255,-1.2,0,0,2,743,3317
1833,1832,0.1725,-1.0,0,0,1,901,5140
1834,1833,0.2823,-1.0,0,0,4,778,3153
1835,1834,0.1020,-2.4,0,0,1,782,3211
1836,1835,0.0314,-2.4,0,0,2,814,3171
1837,1836,0.0627,-25.5,0,0,1,809,3173
1838,1837,0.0706,-9.7,0,0,1,944,3232
1839,1838,0.0706,-9.7,0,0,1,787,3082
1840,1839,0.0627,-20.1,0,0,1,774,3049
1841,1840,0.0235,-19.2,0,0,0,778,2983
1842,1841,0.0314,-19.2,0,0,1,814,3497
1843,1842,0.0392,-17.8,0,0,0,920,3003
1844,1843,0.0392,-17.8,0,0,1,734,3063
1845,1844,0.0314,-17.3,0,0,0,876,2823
1846,1845,0.0471,-17.3,0,0,1,732,3167
1847,1846,0.0471,-19.3,0,0,2,874,3049
1848,1847,0.0157,-19.3,0,0,1,958,3710
1849,1848,0.0235,-26.6,0,0,3,797,6422
1850,1849,0.0392,-37.1,0,0,0,897,3084
1851,1850,0.0627,-12.3,0,0,1,811,3270
1852,1851,0.0392,-12.3,0,0,2,839,3786
1853,1852,0.0157,-14.5,0,0,1,1045,4452
1854,1853,0.0157,-38.5,0,0,2,880,3522
1855,1854,0.0078,-38.5,0,0,2,946,3487
1856,1855,0.0157,-38.8,0,0,1,898,3918
1857,1856,0.0000,-44.4,1,0,4,872,1
1858,1857,0.0000,-44.0,1,0,6,977,1
1859,1858,0.0235,-20.0,0,0,2,1033,4251
1860,1859,0.0549,-20.0,0,0,1,935,4309
1861,1860,0.1882,-9.8,0,0,1,1050,4347
1862,1861,0.0000,-9.8,0,0,2,935,4099
1863,1862,0.0000,-6.9,0,0,1,965,3626
1864,1863,0.0078,-6.9,0,0,1,1233,4132
1865,1864,0.0000,-11.7,0,0,0,1277,3630
1866,1865,0.0000,-11.0,0,0,0,3462,4353
1867,1866,0.0000,-9.4,0,0,2,1184,3966
1868,1867,0.0235,-9.4,0,0,2,1361,6669
1869,1868,0.0000,-80.8,1,0,4,949,1
1870,1869,0.0078,-9.9,0,0,2,924,5323
1871,1870,0.0000,-3.9,0,0,1,1368,5250
1872,1871,0.0000,-3.9,0,0,0,1288,6283
1873,1872,0.0000,-4.1,0,0,2,1992,4532
1874,1873,0.0078,-10.2,0,0,1,932,3804
1875,1874,0.0078,-7.9,0,0,2,960,4039
1876,1875,0.0157,-7.5,0,0,1,1048,3885
1877,1876,0.0157,-7.5,0,0,1,1071,3817
1878,1877,0.0078,-7.5,0,0,3,926,3906
1879,1878,0.0157,-10.1,0,0,0,897,3667
1880,1879,0.0000,-3.2,0,0,1,1219,3489
1881,1880,0.0000,-3.2,0,0,1,1100,3667
1882,1881,0.0235,-0.0,0,0,2,871,3634
1883,1882,0.0471,-0.0,0,0,1,873,3499
1884,1883,0.0314,-0.0,0,0,0,914,4236
1885,1884,0.0549,-0.0,0,0,1,889,3702
1886,1885,0.0314,-0.0,0,0,1,1231,3441
1887,1886,0.0627,-0.0,0,0,2,855,3698
1888,1887,0.0314,-0.0,0,0,1,1155,3468
1889,1888,0.1412,-0.0,0,0,3,911,3943
1890,1889,0.5725,-30.0,0,0,1,943,4256
1891,1890,0.0078,-35.6,0,0,1,918,3727
1892,1891,0.0078,-22.9,0,0,3,957,4051
1893,1892,0.0235,-0.8,0,0,2,1158,9284
1894,1893,0.0392,-0.0,0,0,3,1188,6449
1895,1894,0.0549,-0.0,0,0,1,1173,4519
1896,1895,0.1569,-0.7,0,0,2,1133,4001
1897,1896,0.0157,-21.8,0,0,2,2033,4194
1898,1897,0.0157,-27.9,0,0,2,956,3630
1899,1898,0.2118,-36.2,0,0,1,977,3927
1900,1899,0.0000,-48.0,1,0,1,979,1
1901,1900,0.0000,-1.6,0,0,2,1597,3977
1902,1901,0.0000,-0.0,0,0,1,944,3935
1903,1902,0.0000,-0.0,0,0,3,1008,3737
1904,1903,0.0000,-0.6,0,0,2,950,4997
1905,1904,0.0235,-27.1,0,0,1,1302,5899
1906,1905,0.0000,-60.2,1,0,5,969,1
1907,1906,0.0000,-61.1,1,0,1,966,0
1908,1907,0.0078,-0.0,0,0,1,1219,3801
1909,1908,0.0000,-0.0,0,0,2,1066,4030
1910,1909,0.0000,-0.0,0,0,2,1133,4401
1911,1910,0.0000,-0.0,0,0,2,1052,3728
1912,1911,0.0000,-0.0,0,0,2,1770,5017
1913,1912,0.0000,-0.0,0,0,1,1006,4232
1914,1913,0.0000,-0.0,0,0,3,1020,3742
1915,1914,0.0000,-0.8,0,0,2,1253,4698
1916,1915,0.0392,-29.2,0,0,4,957,6552
1917,1916,0.0000,-57.4,1,0,2,964,1
1918,1917,0.0000,-42.8,1,0,1,1481,1
1919,1918,0.0000,-42.8,1,0,2,1573,1
1920,1919,0.0000,-50.6,1,0,2,1315,1
1921,1920,0.2431,-0.1,0,0,2,2056,3956
1922,1921,0.3765,-0.1,0,0,3,1145,9461
1923,1922,0.1255,-8.3,0,0,1,1145,4202
1924,1923,0.0000,-240.0,1,0,2,1367,1
1925,1924,0.0000,-240.0,1,0,8,1362,1
1926,1925,0.0000,-240.0,1,0,1,1540,1
1927,1926,0.0000,-240.0,1,0,3,3956,1
1928,1927,0.0000,-240.0,1,0,1,1373,1
1929,1928,0.0000,-240.0,1,0,2,1239,1
1930,1929,0.0000,-240.0,1,0,4,1042,1
1931,1930,0.0078,-3.1,0,0,1,1015,6062
1932,1931,0.0314,-3.1,0,0,2,1226,6468
1933,1932,0.6039,-3.4,0,0,2,1084,4479
1934,1933,0.0000,-240.0,1,0,2,1076,1
1935,1934,0.0000,-240.0,1,0,3,982,1
1936,1935,0.0000,-240.0,1,0,1,1382,1
1937,1936,0.0000,-240.0,1,0,2,1134,1
1938,1937,0.0000,-240.0,1,0,1,2139,1
1939,1938,0.0000,-240.0,1,0,4,4066,1
1940,1939,0.0000,-240.0,1,0,2,949,1
1941,1940,0.0078,-2.7,0,0,1,987,4596
1942,1941,0.0000,-2.7,0,0,0,2204,6044
1943,1942,0.0000,-5.9,0,0,1,938,6858
1944,1943,0.0000,-1.8,0,0,2,940,4350
1945,1944,0.0235,-0.3,0,0,2,1134,13903
1946,1945,0.2274,-0.3,0,0,3,1223,10721
1947,1946,0.1333,-1.9,0,0,2,1223,3645
1948,1947,0.0471,-4.1,0,0,2,991,3961
1949,1948,0.0078,-4.4,0,0,2,1144,5480
1950,1949,0.0078,-4.4,0,0,2,2306,4728
1951,1950,0.0000,-4.8,0,0,2,1171,6482
1952,1951,0.0627,-23.3,0,0,2,1102,5489
1953,1952,0.0392,-19.0,0,0,2,1109,3769
1954,1953,0.0392,-19.0,0,0,2,955,10082
1955,1954,0.0549,-23.0,0,0,2,1059,7531
1956,1955,0.0549,-25.5,0,0,2,1009,3771
1957,1956,0.0549,-25.8,0,0,3,955,7443
1958,1957,0.0784,-29.9,0,0,1,1175,4403
1959,1958,0.0706,-29.9,0,0,2,984,6824
1960,1959,0.0392,-19.5,0,0,2,1333,3688
1961,1960,0.0706,-19.1,0,0,1,2772,12975
1962,1961,0.0627,-19.1,0,0,3,2772,5186
1963,1962,0.0471,-31.2,0,0,2,949,10639
1964,1963,0.0627,-17.0,0,0,2,949,9792
1965,1964,0.0784,-17.0,0,0,1,1473,3833
1966,1965,0.0471,-21.5,0,0,1,1046,4089
1967,1966,0.0392,-25.1,0,0,1,1053,6760
1968,1967,0.0392,-25.1,0,0,1,2466,3434
1969,1968,0.0471,-27.0,0,0,1,958,4193
1970,1969,0.0706,-27.0,0,0,1,2040,4715
1971,1970,0.2667,-2.0,0,0,2,975,4162
1972,1971,0.7294,-2.0,0,0,2,1068,6347
1973,1972,0.5882,-15.7,0,0,3,1097,4053
1974,1973,0.0314,-39.7,0,0,2,1155,5451
1975,1974,0.0000,-240.0,1,0,1,1070,1
1976,1975,0.0000,-240.0,1,0,1,1386,0
1977,1976,0.0000,-240.0,1,0,1,928,1
1978,1977,0.0000,-240.0,1,0,1,1190,1
1979,1978,0.0000,-240.0,1,0,5,1031,1
1980,1979,0.0000,-240.0,1,0,3,953,1
1981,1980,0.0078,-0.2,0,0,3,1771,9406
1982,1981,0.0000,-0.2,0,0,2,1188,3707
1983,1982,0.0000,-0.2,0,0,2,1268,4620
1984,1983,0.0078,-0.3,0,0,1,961,9242
1985,1984,0.0157,-39.2,0,0,3,977,4104
1986,1985,0.0000,-50.9,1,0,2,1100,0
1987,1986,0.0078,-0.0,0,0,1,986,4136
1988,1987,0.0000,-0.0,0,0,3,1272,3768
1989,1988,0.0000,-0.1,0,0,2,1508,5034
1990,1989,0.0000,-0.1,0,0,1,1345,11370
1991,1990,0.0235,-0.1,0,0,2,3351,11794
1992,1991,0.4314,-5.0,0,0,1,2305,7912
1993,1992,0.5882,-5.0,0,0,3,2305,4448
1994,1993,0.8235,-7.0,0,0,2,955,4444
1995,1994,0.2667,-7.0,0,0,2,1292,4142
1996,1995,0.0627,-3.9,0,0,4,1028,5080
1997,1996,0.6588,-3.9,0,0,2,1125,4305
1998,1997,0.0863,-11.2,0,0,2,1052,4013
1999,1998,0.4470,-11.2,0,0,2,949,4117
2000,1999,0.1412,-8.0,0,0,3,945,3815
2001,2000,0.2431,-8.0,0,0,2,950,5505
2002,2001,0.0471,-8.1,0,0,2,1242,4233
2003,2002,0.1569,-11.3,0,0,2,1125,5507
2004,2003,0.0000,-44.5,1,0,2,1365,1
2005,2004,0.0314,-8.8,0,0,2,1463,6137
2006,2005,0.7608,-8.8,0,0,1,1240,4354
2007,2006,0.1569,-7.0,0,0,2,982,5182
2008,2007,0.0706,-5.6,0,0,2,3337,3900
2009,2008,0.9176,-5.9,0,0,2,1299,4098
2010,2009,0.2039,-5.2,0,0,2,1201,6890
2011,2010,0.0157,-5.2,0,0,2,1076,5078
2012,2011,0.0000,-13.2,0,0,2,1332,5981
2013,2012,0.0235,-12.6,0,0,2,1538,4325
2014,2013,0.0078,-11.6,0,0,1,1527,7697
2015,2014,0.0235,-11.6,0,0,1,1132,4845
2016,2015,0.0706,-11.0,0,0,1,1058,5153
2017,2016,0.0471,-11.0,0,0,2,1594,8947
2018,2017,0.0078,-9.1,0,0,2,1110,4695
2019,2018,0.0078,-7.0,0,0,2,1116,5027
2020,2019,0.0000,-1.9,0,0,2,938,4507
2021,2020,0.0157,-0.0,0,0,2,1083,3754
2022,2021,0.8313,-0.0,0,0,0,1114,3666
2023,2022,0.1725,-11.3,0,0,2,1108,3783
2024,2023,0.0000,-240.0,1,0,5,914,0
2025,2024,0.0000,-240.0,1,0,1,913,1
2026,2025,0.0000,-240.0,1,0,2,933,0
2027,2026,0.0000,-240.0,1,0,1,929,0
2028,2027,0.0000,-240.0,1,0,1,1077,1
2029,2028,0.0000,-240.0,1,0,1,1690,1
2030,2029,0.0000,-240.0,1,0,2,1330,1
2031,2030,0.0078,-2.5,0,0,1,923,4057
2032,2031,0.0157,-2.5,0,0,2,1665,3823
2033,2032,0.0157,-8.8,0,0,2,1313,4344
2034,2033,0.0784,-14.0,0,0,2,919,3916
2035,2034,0.1569,-23.7,0,0,2,897,3637
2036,2035,0.0000,-240.0,1,0,4,898,1
2037,2036,0.0000,-240.0,1,0,4,882,1
2038,2037,0.0000,-240.0,1,0,2,1190,0
2039,2038,0.0000,-240.0,1,0,2,1352,1
2040,2039,0.0000,-240.0,1,0,4,863,1
2041,2040,0.1725,-0.1,0,0,1,819,5412
2042,2041,0.3294,-0.0,0,0,1,841,3591
2043,2042,0.0784,-0.0,0,0,1,912,3486
2044,2043,0.1412,-25.5,0,0,1,976,3945
2045,2044,0.1098,-26.3,0,0,1,851,3757
2046,2045,0.0392,-24.0,0,0,1,845,3854
2047,2046,0.0941,-21.4,0,0,2,1104,4535
2048,2047,0.1333,-7.4,0,0,1,869,3996
2049,2048,0.3608,-0.7,0,0,2,980,4339
2050,2049,0.2274,-0.7,0,0,1,1048,3349
2051,2050,0.0157,-2.3,0,0,2,1105,4120
2052,2051,0.0157,-13.9,0,0,1,1072,3731
2053,2052,0.0863,-27.1,0,0,2,1665,4528
2054,2053,0.1490,-29.7,0,0,1,1339,4406
2055,2054,0.0000,-48.9,1,0,2,1162,1
2056,2055,0.0000,-51.7,1,0,10,1327,0
2057,2056,0.0000,-240.0,1,0,1,1410,1
2058,2057,0.0000,-240.0,1,0,2,1241,0
2059,2058,0.0000,-240.0,1,0,1,1125,1
2060,2059,0.0000,-240.0,1,0,2,1238,0
2061,2060,0.0078,-0.6,0,0,2,990,4885
2062,2061,0.0863,-0.0,0,0,1,1452,4479
2063,2062,0.2274,-0.0,0,0,1,1421,4215
2064,2063,0.0000,-240.0,1,0,2,1469,0
2065,2064,0.0000,-240.0,1,0,1,1014,1
2066,2065,0.0000,-240.0,1,0,2,1621,1
2067,2066,0.0000,-240.0,1,0,2,1350,1
2068,2067,0.0000,-240.0,1,0,3,957,1
2069,2068,0.0000,-240.0,1,0,1,950,1
2070,2069,0.0000,-240.0,1,0,2,1177,1
2071,2070,0.0941,-0.1,0,0,2,864,3968
2072,2071,0.4784,-0.1,0,0,1,1091,3878
2073,2072,0.0314,-0.1,0,0,2,986,3982
2074,2073,0.1490,-0.1,0,0,1,1303,4548
2075,2074,0.5019,-2.5,0,0,2,988,4636
2076,2075,0.0314,-10.5,0,0,1,1245,4469
2077,2076,0.0000,-17.1,0,0,1,879,4252
2078,2077,0.0078,-20.6,0,0,2,1044,4664
2079,2078,0.0235,-0.0,0,0,1,1438,4863
2080,2079,0.2118,-0.0,0,0,1,1285,4843
2081,2080,0.1255,-0.2,0,0,7,1216,4526
2082,2081,0.5176,-7.0,0,0,2,1489,5093
2083,2082,0.1176,-30.2,0,0,2,1137,4264
2084,2083,0.0000,-240.0,1,0,2,1400,0
2085,2084,0.0000,-240.0,1,0,2,1595,0
2086,2085,0.0000,-240.0,1,0,1,1320,1
2087,2086,0.0000,-240.0,1,0,11,1384,1
2088,2087,0.0000,-240.0,1,0,1,1422,0
2089,2088,0.0000,-240.0,1,0,1,1752,1
2090,2089,0.0000,-240.0,1,0,4,838,0
2091,2090,0.1255,-0.2,0,0,1,1151,4312
2092,2091,0.4784,-8.4,0,0,7,1189,3982
2093,2092,0.0549,-21.3,0,0,1,1194,4814
2094,2093,0.0000,-240.0,1,0,2,1199,1
2095,2094,0.0000,-240.0,1,0,1,1522,1
2096,2095,0.0000,-240.0,1,0,2,1433,1
2097,2096,0.0000,-240.0,1,0,2,1369,1
2098,2097,0.0000,-240.0,1,0,6,1451,0
2099,2098,0.0000,-240.0,1,0,24,1414,0
2100,2099,0.0000,-240.0,1,0,2,941,1
2101,2100,0.1333,-0.0,0,0,1,1111,3964
2102,2101,0.6039,-3.3,0,0,1,1495,4583
2103,2102,0.2823,-16.6,0,0,4,1568,4519
2104,2103,0.0000,-240.0,1,0,1,942,1
2105,2104,0.0000,-240.0,1,0,1,971,0
2106,2105,0.0000,-240.0,1,0,2,1181,0
2107,2106,0.0000,-240.0,1,0,2,988,1
2108,2107,0.0000,-240.0,1,0,2,1241,1
2109,2108,0.0000,-240.0,1,0,2,1149,1
2110,2109,0.0000,-240.0,1,0,1,1224,1
2111,2110,0.1176,-5.0,0,0,1,1596,4446
2112,2111,0.4627,-4.6,0,0,1,1361,4246
2113,2112,0.4627,-4.4,0,0,1,1197,3870
2114,2113,0.5176,-4.4,0,0,3,1381,4598
2115,2114,0.4078,-4.7,0,0,2,1730,4715
2116,2115,0.3765,-4.7,0,0,1,1094,4452
2117,2116,0.5333,-5.3,0,0,2,1395,4505
2118,2117,0.4784,-5.1,0,0,1,930,3804
2119,2118,0.4314,-4.7,0,0,0,1169,3582
2120,2119,0.5176,-4.7,0,0,1,1489,3473
2121,2120,0.0784,-0.0,0,0,2,1067,4356
2122,2121,0.0078,-0.2,0,0,7,988,4496
2123,2122,0.1569,-15.3,0,0,1,1437,5182
2124,2123,0.0000,-240.0,1,0,2,1466,0
2125,2124,0.0000,-240.0,1,0,1,1483,1
2126,2125,0.0000,-240.0,1,0,4,1405,1
2127,2126,0.0000,-240.0,1,0,6,1121,1
2128,2127,0.0000,-240.0,1,0,1,1406,0
2129,2128,0.0000,-240.0,1,0,2,1255,1
2130,2129,0.0000,-240.0,1,0,1,1283,0
2131,2130,0.0078,-14.7,0,0,2,890,4296
2132,2131,0.0078,-20.2,0,0,2,910,3987
2133,2132,0.0078,-25.5,0,0,4,1210,4273
2134,2133,0.0078,-24.4,0,0,1,1481,4002
2135,2134,0.0078,-24.4,0,0,1,1466,4514
2136,2135,0.0078,-26.2,0,0,1,1385,4682
2137,2136,0.0078,-25.6,0,0,2,908,3817
2138,2137,0.0078,-25.5,0,0,1,1257,3864
2139,2138,0.0078,-25.5,0,0,1,899,4169
2140,2139,0.0078,-23.0,0,0,1,980,4016
2141,2140,0.0157,-23.0,0,0,1,821,3895
2142,2141,0.0627,-26.5,0,0,1,1454,3804
2143,2142,0.0157,-30.9,0,0,2,747,3289
2144,2143,0.0157,-34.1,0,0,1,1075,3685
2145,2144,0.0314,-32.5,0,0,2,965,4185
2146,2145,0.0863,-32.5,0,0,1,1343,3836
2147,2146,0.0627,-32.9,0,0,0,884,3859
2148,2147,0.0863,-34.6,0,0,1,976,4047
2149,2148,0.1020,-34.8,0,0,7,857,3902
2150,2149,0.0000,-40.5,1,0,4,917,0
2151,2150,0.0235,-22.6,0,0,1,874,4317
2152,2151,0.0157,-22.6,0,0,1,882,3799
2153,2152,0.0157,-36.8,0,0,6,931,3695
2154,2153,0.0157,-36.9,0,0,11,1341,3795
2155,2154,0.0235,-37.1,0,0,1,767,3381
2156,2155,0.0157,-36.6,0,0,2,986,4541
2157,2156,0.0235,-36.6,0,0,6,1258,3763
2158,2157,0.0157,-27.2,0,0,2,1395,4016
2159,2158,0.0078,-27.2,0,0,1,1171,3366
2160,2159,0.0157,-31.8,0,0,1,1158,4032
2161,2160,0.0157,-31.8,0,0,1,934,3876
2162,2161,0.0078,-30.1,0,0,1,966,3720
2163,2162,0.0078,-30.1,0,0,2,1213,4057
2164,2163,0.0078,-31.5,0,0,1,956,4437
2165,2164,0.0157,-29.0,0,0,1,1166,3751
2166,2165,0.0078,-21.3,0,0,1,1319,4224
2167,2166,0.0078,-21.3,0,0,1,1355,3772
2168,2167,0.0078,-17.4,0,0,1,888,3881
2169,2168,0.0078,-17.4,0,0,2,4379,3307
2170,2169,0.0078,-16.6,0,0,1,1140,4151
2171,2170,0.0157,-12.8,0,0,1,897,3530
2172,2171,0.0235,-12.8,0,0,1,1226,3310
2173,2172,0.0157,-17.0,0,0,1,917,3496
2174,2173,0.0078,-17.6,0,0,1,821,3410
2175,2174,0.0078,-15.6,0,0,1,823,4037
2176,2175,0.0078,-15.6,0,0,1,1010,3427
2177,2176,0.0078,-22.3,0,0,1,1125,3488
2178,2177,0.0157,-14.3,0,0,1,1166,3615
2179,2178,0.0157,-14.3,0,0,2,1198,3679
2180,2179,0.0235,-12.1,0,0,2,1386,4220
2181,2180,0.0157,-12.1,0,0,1,912,3987
2182,2181,0.0078,-17.2,0,0,1,1242,3929
2183,2182,0.0078,-19.4,0,0,2,1134,3544
2184,2183,0.0235,-11.8,0,0,2,957,3602
2185,2184,0.0157,-11.8,0,0,1,898,3551
2186,2185,0.0235,-15.5,0,0,1,816,3355
2187,2186,0.0157,-15.5,0,0,1,1354,3549
2188,2187,0.0078,-15.5,0,0,1,1085,3549
2189,2188,0.0078,-11.7,0,0,1,1180,3514
2190,2189,0.0157,-11.7,0,0,1,1148,3401
2191,2190,0.0078,-7.8,0,0,2,873,3261
2192,2191,0.0235,-7.8,0,0,3,1195,3588
2193,2192,0.1725,-20.3,0,0,1,1287,3583
2194,2193,0.0157,-17.7,0,0,2,1229,3640
2195,2194,0.0157,-17.7,0,0,1,821,3572
2196,2195,0.0941,-17.2,0,0,2,945,3694
2197,2196,0.0549,-17.2,0,0,5,1034,3407
2198,2197,0.0627,-4.4,0,0,1,794,3796
2199,2198,0.0392,-4.4,0,0,3,1145,3845
2200,2199,0.0157,-21.4,0,0,2,745,3198
2201,2200,0.1176,-0.4,0,0,1,1240,3578
2202,2201,0.0863,-0.0,0,0,1,819,3346
2203,2202,0.2980,-0.0,0,0,1,867,3629
2204,2203,0.6274,-0.0,0,0,1,846,3666
2205,2204,0.6039,-0.1,0,0,1,907,3425
2206,2205,0.3294,-0.7,0,0,1,957,3492
2207,2206,0.0314,-0.3,0,0,2,933,3536
2208,2207,0.3137,-0.3,0,0,7,1085,3937
2209,2208,0.1569,-1.1,0,0,1,817,4511
2210,2209,0.1176,-5.6,0,0,2,1252,4754
2211,2210,0.0314,-5.6,0,0,1,847,4400
2212,2211,0.1098,-8.3,0,0,2,932,4180
2213,2212,0.1176,-8.6,0,0,1,1372,4410
2214,2213,0.1569,-8.6,0,0,2,870,4065
2215,2214,0.1412,-8.3,0,0,2,1274,3508
2216,2215,0.1412,-8.3,0,0,2,1243,3810
2217,2216,0.1569,-8.1,0,0,1,1212,3950
2218,2217,0.1569,-8.1,0,0,1,1287,4671
2219,2218,0.1569,-8.1,0,0,2,912,3636
2220,2219,0.2039,-7.8,0,0,2,820,4026
2221,2220,0.1176,-2.4,0,0,1,937,4052
2222,2221,0.0235,-1.2,0,0,1,1160,4157
2223,2222,0.0235,-1.2,0,0,1,1145,3559
2224,2223,0.0157,-1.0,0,0,2,950,3601
2225,2224,0.0235,-1.0,0,0,1,1160,3770
2226,2225,0.0157,-1.1,0,0,2,961,3486
2227,2226,0.0157,-1.8,0,0,2,1275,3729
2228,2227,0.2510,-1.8,0,0,1,1092,3019
2229,2228,0.4627,-16.4,0,0,1,863,2822
2230,2229,0.0000,-240.0,1,0,3,707,0
2231,2230,0.0706,-0.5,0,0,1,773,3032
2232,2231,0.3137,-0.5,0,0,2,749,2966
2233,2232,0.2118,-3.3,0,0,1,828,3271
2234,2233,0.1333,-5.8,0,0,0,792,2468
2235,2234,0.2274,-2.0,0,0,1,813,2732
2236,2235,0.5176,-2.0,0,0,0,766,2425
2237,2236,0.3137,-15.2,0,0,1,814,2642
2238,2237,0.0000,-240.0,1,0,3,763,0
2239,2238,0.0000,-240.0,1,0,5,781,1
2240,2239,0.0000,-90.3,1,0,33,838,1
